This is pdfTeX, Version 3.141592653-2.6-1.40.25 (TeX Live 2023/Debian) (preloaded format=pdflatex 2024.11.24)  17 MAY 2026 17:43
entering extended mode
 restricted \write18 enabled.
 %&-line parsing enabled.
**main
(./main.tex
LaTeX2e <2023-11-01> patch level 1
L3 programming layer <2024-01-22>
(/usr/share/texlive/texmf-dist/tex/latex/koma-script/scrbook.cls
Document Class: scrbook 2023/07/07 v3.41 KOMA-Script document class (book)
(/usr/share/texlive/texmf-dist/tex/latex/koma-script/scrkbase.sty
Package: scrkbase 2023/07/07 v3.41 KOMA-Script package (KOMA-Script-dependent b
asics and keyval usage)

(/usr/share/texlive/texmf-dist/tex/latex/koma-script/scrbase.sty
Package: scrbase 2023/07/07 v3.41 KOMA-Script package (KOMA-Script-independent 
basics and keyval usage)

(/usr/share/texlive/texmf-dist/tex/latex/koma-script/scrlfile.sty
Package: scrlfile 2023/07/07 v3.41 KOMA-Script package (file load hooks)

(/usr/share/texlive/texmf-dist/tex/latex/koma-script/scrlfile-hook.sty
Package: scrlfile-hook 2023/07/07 v3.41 KOMA-Script package (using LaTeX hooks)


(/usr/share/texlive/texmf-dist/tex/latex/koma-script/scrlogo.sty
Package: scrlogo 2023/07/07 v3.41 KOMA-Script package (logo)
)))
(/usr/share/texlive/texmf-dist/tex/latex/graphics/keyval.sty
Package: keyval 2022/05/29 v1.15 key=value parser (DPC)
\KV@toks@=\toks17
)
Applying: [2021/05/01] Usage of raw or classic option list on input line 252.
Already applied: [0000/00/00] Usage of raw or classic option list on input line
 368.
))
(/usr/share/texlive/texmf-dist/tex/latex/koma-script/tocbasic.sty
Package: tocbasic 2023/07/07 v3.41 KOMA-Script package (handling toc-files)
\scr@dte@tocline@numberwidth=\skip48
\scr@dte@tocline@numbox=\box51
)
Package tocbasic Info: omitting babel extension for `toc'
(tocbasic)             because of feature `nobabel' available
(tocbasic)             for `toc' on input line 135.
Class scrbook Info: You've used standard option `openright'.
(scrbook)           This is correct!
(scrbook)           Internally I'm using `open=right'.
(scrbook)           If you'd like to set the option with \KOMAoptions,
(scrbook)           you'd have to use `open=right' there
(scrbook)           instead of `openright', too.


LaTeX Font Warning: Font shape `OT1/cmr/m/n' in size <13> not available
(Font)              size <12> substituted on input line 2691.

(/usr/share/texlive/texmf-dist/tex/latex/koma-script/typearea.sty
Package: typearea 2023/07/07 v3.41 KOMA-Script package (type area)
\ta@bcor=\skip49
\ta@div=\count187
Package typearea Info: You've used standard option `a4paper'.
(typearea)             This is correct!
(typearea)             Internally I'm using `paper=a4'.
(typearea)             If you'd like to set the option with \KOMAoptions,
(typearea)             you'd have to use `paper=a4' there
(typearea)             instead of `a4paper', too.
\ta@hblk=\skip50
\ta@vblk=\skip51
\ta@temp=\skip52
\footheight=\skip53
Package typearea Info: These are the values describing the layout:
(typearea)             DIV  = 10
(typearea)             BCOR = 28.45274pt
(typearea)             \paperwidth      = 597.50793pt
(typearea)              \textwidth      = 398.33864pt
(typearea)              DIV departure   = 0%
(typearea)              \evensidemargin = 41.54105pt
(typearea)              \oddsidemargin  = 13.08827pt
(typearea)             \paperheight     = 845.04694pt
(typearea)              \textheight     = 496.59877pt
(typearea)              \topmargin      = 12.2347pt
(typearea)              \headheight     = 19.49994pt
(typearea)              \headsep        = 23.39993pt
(typearea)              \topskip        = 13.0pt
(typearea)              \footskip       = 54.59984pt
(typearea)              \baselineskip   = 15.59996pt
(typearea)              on input line 1799.
)
\c@part=\count188
\c@chapter=\count189
\c@section=\count190
\c@subsection=\count191
\c@subsubsection=\count192
\c@paragraph=\count193
\c@subparagraph=\count194
\scr@dte@chapter@maxnumwidth=\skip54
Class scrbook Info: using compatibility default `afterindent=bysign'
(scrbook)           for `\chapter on input line 5990.
\scr@dte@section@maxnumwidth=\skip55
Class scrbook Info: using compatibility default `runin=bysign'
(scrbook)           for `\section on input line 6001.
Class scrbook Info: using compatibility default `afterindent=bysign'
(scrbook)           for `\section on input line 6001.
\scr@dte@part@maxnumwidth=\skip56
Class scrbook Info: using compatibility default `afterindent=true'
(scrbook)           for `\part on input line 6010.
\scr@dte@subsection@maxnumwidth=\skip57
Class scrbook Info: using compatibility default `runin=bysign'
(scrbook)           for `\subsection on input line 6020.
Class scrbook Info: using compatibility default `afterindent=bysign'
(scrbook)           for `\subsection on input line 6020.
\scr@dte@subsubsection@maxnumwidth=\skip58
Class scrbook Info: using compatibility default `runin=bysign'
(scrbook)           for `\subsubsection on input line 6030.
Class scrbook Info: using compatibility default `afterindent=bysign'
(scrbook)           for `\subsubsection on input line 6030.
\scr@dte@paragraph@maxnumwidth=\skip59
Class scrbook Info: using compatibility default `runin=bysign'
(scrbook)           for `\paragraph on input line 6041.
Class scrbook Info: using compatibility default `afterindent=bysign'
(scrbook)           for `\paragraph on input line 6041.
\scr@dte@subparagraph@maxnumwidth=\skip60
Class scrbook Info: using compatibility default `runin=bysign'
(scrbook)           for `\subparagraph on input line 6051.
Class scrbook Info: using compatibility default `afterindent=bysign'
(scrbook)           for `\subparagraph on input line 6051.
\abovecaptionskip=\skip61
\belowcaptionskip=\skip62
\c@pti@nb@sid@b@x=\box52
Package tocbasic Info: omitting babel extension for `lof'
(tocbasic)             because of feature `nobabel' available
(tocbasic)             for `lof' on input line 7242.
\scr@dte@figure@maxnumwidth=\skip63
\c@figure=\count195
Package tocbasic Info: omitting babel extension for `lot'
(tocbasic)             because of feature `nobabel' available
(tocbasic)             for `lot' on input line 7259.
\scr@dte@table@maxnumwidth=\skip64
\c@table=\count196
Class scrbook Info: Redefining `\numberline' on input line 7430.
\bibindent=\dimen140
)
(/usr/share/texlive/texmf-dist/tex/latex/base/fontenc.sty
Package: fontenc 2021/04/29 v2.0v Standard LaTeX package


LaTeX Font Warning: Font shape `T1/cmr/m/n' in size <13> not available
(Font)              size <12> substituted on input line 112.

) (/usr/share/texlive/texmf-dist/tex/latex/base/inputenc.sty
Package: inputenc 2021/02/14 v1.3d Input encoding file
\inpenc@prehook=\toks18
\inpenc@posthook=\toks19
)
(/usr/share/texlive/texmf-dist/tex/generic/babel/babel.sty
Package: babel 2024/01/07 v24.1 The Babel package
\babel@savecnt=\count197
\U@D=\dimen141
\l@unhyphenated=\language89

(/usr/share/texlive/texmf-dist/tex/generic/babel/txtbabel.def)
\bbl@readstream=\read2
\bbl@dirlevel=\count198

(/usr/share/texlive/texmf-dist/tex/generic/babel-english/english.ldf
Language: english 2017/06/06 v3.3r English support from the babel system
Package babel Info: Hyphen rules for 'canadian' set to \l@english
(babel)             (\language0). Reported on input line 102.
Package babel Info: Hyphen rules for 'australian' set to \l@ukenglish
(babel)             (\language83). Reported on input line 105.
Package babel Info: Hyphen rules for 'newzealand' set to \l@ukenglish
(babel)             (\language83). Reported on input line 108.
))
(/usr/share/texlive/texmf-dist/tex/generic/babel/locale/en/babel-english.tex
Package babel Info: Importing font and identification data for english
(babel)             from babel-en.ini. Reported on input line 11.
)
(/usr/share/texlive/texmf-dist/tex/latex/classicthesis/classicthesis.sty
Package: classicthesis 2018/06/03 v4.6 Typographic style for a classic-looking 
thesis

(/usr/share/texlive/texmf-dist/tex/latex/base/ifthen.sty
Package: ifthen 2022/04/13 v1.1d Standard LaTeX ifthen package (DPC)
)
(/usr/share/texlive/texmf-dist/tex/latex/kvoptions/kvoptions.sty
Package: kvoptions 2022-06-15 v3.15 Key value format for package options (HO)

(/usr/share/texlive/texmf-dist/tex/generic/ltxcmds/ltxcmds.sty
Package: ltxcmds 2023-12-04 v1.26 LaTeX kernel commands for general use (HO)
)
(/usr/share/texlive/texmf-dist/tex/latex/kvsetkeys/kvsetkeys.sty
Package: kvsetkeys 2022-10-05 v1.19 Key value parser (HO)
))
(/usr/share/texlive/texmf-dist/tex/generic/iftex/ifpdf.sty
Package: ifpdf 2019/10/25 v3.4 ifpdf legacy package. Use iftex instead.

(/usr/share/texlive/texmf-dist/tex/generic/iftex/iftex.sty
Package: iftex 2022/02/03 v1.0f TeX engine tests
))
(/usr/share/texlive/texmf-dist/tex/generic/iftex/ifxetex.sty
Package: ifxetex 2019/10/25 v0.7 ifxetex legacy package. Use iftex instead.
)
(/usr/share/texlive/texmf-dist/tex/generic/iftex/ifluatex.sty
Package: ifluatex 2019/10/25 v1.5 ifluatex legacy package. Use iftex instead.
)
(/usr/share/texlive/texmf-dist/tex/latex/xcolor/xcolor.sty
Package: xcolor 2023/11/15 v3.01 LaTeX color extensions (UK)

(/usr/share/texlive/texmf-dist/tex/latex/graphics-cfg/color.cfg
File: color.cfg 2016/01/02 v1.6 sample color configuration
)
Package xcolor Info: Driver file: pdftex.def on input line 274.

(/usr/share/texlive/texmf-dist/tex/latex/graphics-def/pdftex.def
File: pdftex.def 2022/09/22 v1.2b Graphics/color driver for pdftex
)
(/usr/share/texlive/texmf-dist/tex/latex/graphics/mathcolor.ltx)
Package xcolor Info: Model `cmy' substituted by `cmy0' on input line 1350.
Package xcolor Info: Model `hsb' substituted by `rgb' on input line 1354.
Package xcolor Info: Model `RGB' extended on input line 1366.
Package xcolor Info: Model `HTML' substituted by `rgb' on input line 1368.
Package xcolor Info: Model `Hsb' substituted by `hsb' on input line 1369.
Package xcolor Info: Model `tHsb' substituted by `hsb' on input line 1370.
Package xcolor Info: Model `HSB' substituted by `hsb' on input line 1371.
Package xcolor Info: Model `Gray' substituted by `gray' on input line 1372.
Package xcolor Info: Model `wave' substituted by `hsb' on input line 1373.
)
(/usr/share/texlive/texmf-dist/tex/latex/graphics/dvipsnam.def
File: dvipsnam.def 2016/06/17 v3.0m Driver-dependent file (DPC,SPQR)
)
(/usr/share/texlive/texmf-dist/tex/latex/psnfss/mathpazo.sty
Package: mathpazo 2020/03/25 PSNFSS-v9.3 Palatino w/ Pazo Math (D.Puga, WaS) 
\symupright=\mathgroup4
)
(/usr/share/texlive/texmf-dist/tex/latex/bera/beramono.sty
Package: beramono 2004/01/31 (WaS)
)
LaTeX Font Info:    Trying to load font information for U+eur on input line 202
.

(/usr/share/texlive/texmf-dist/tex/latex/amsfonts/ueur.fd
File: ueur.fd 2013/01/14 v3.01 Euler Roman
)
(/usr/share/texlive/texmf-dist/tex/latex/microtype/microtype.sty
Package: microtype 2023/03/13 v3.1a Micro-typographical refinements (RS)

(/usr/share/texlive/texmf-dist/tex/latex/etoolbox/etoolbox.sty
Package: etoolbox 2020/10/05 v2.5k e-TeX tools for LaTeX (JAW)
\etb@tempcnta=\count199
)
\MT@toks=\toks20
\MT@tempbox=\box53
\MT@count=\count266
LaTeX Info: Redefining \noprotrusionifhmode on input line 1059.
LaTeX Info: Redefining \leftprotrusion on input line 1060.
\MT@prot@toks=\toks21
LaTeX Info: Redefining \rightprotrusion on input line 1078.
LaTeX Info: Redefining \textls on input line 1368.
\MT@outer@kern=\dimen142
LaTeX Info: Redefining \textmicrotypecontext on input line 1988.
\MT@listname@count=\count267

(/usr/share/texlive/texmf-dist/tex/latex/microtype/microtype-pdftex.def
File: microtype-pdftex.def 2023/03/13 v3.1a Definitions specific to pdftex (RS)

LaTeX Info: Redefining \lsstyle on input line 902.
LaTeX Info: Redefining \lslig on input line 902.
\MT@outer@space=\skip65
)
Package microtype Info: Loading configuration file microtype.cfg.

(/usr/share/texlive/texmf-dist/tex/latex/microtype/microtype.cfg
File: microtype.cfg 2023/03/13 v3.1a microtype main configuration file (RS)
))
Package classicthesis Info: A4 paper, Palatino or other on input line 251.
Package typearea Info: These are the values describing the layout:
(typearea)             DIV  = areaset
(typearea)             BCOR = 28.45274pt
(typearea)             \paperwidth      = 597.50793pt
(typearea)              \textwidth      = 336.0pt
(typearea)              \evensidemargin = 83.10013pt
(typearea)              \oddsidemargin  = 33.86781pt
(typearea)             \paperheight     = 845.04694pt
(typearea)              \textheight     = 654.00021pt
(typearea)              \topmargin      = -40.58768pt
(typearea)              \headheight     = 18.0pt
(typearea)              \headsep        = 23.39993pt
(typearea)              \topskip        = 13.0pt
(typearea)              \footskip       = 54.59985pt
(typearea)              \baselineskip   = 15.59996pt
(typearea)              on input line 251.

(/usr/share/texlive/texmf-dist/tex/latex/mparhack/mparhack.sty
Package: mparhack 2021-05-02 v1.5 (T. Sgouros and S. Ulrich)
)
(/usr/share/texlive/texmf-dist/tex/latex/booktabs/booktabs.sty
Package: booktabs 2020/01/12 v1.61803398 Publication quality tables
\heavyrulewidth=\dimen143
\lightrulewidth=\dimen144
\cmidrulewidth=\dimen145
\belowrulesep=\dimen146
\belowbottomsep=\dimen147
\aboverulesep=\dimen148
\abovetopsep=\dimen149
\cmidrulesep=\dimen150
\cmidrulekern=\dimen151
\defaultaddspace=\dimen152
\@cmidla=\count268
\@cmidlb=\count269
\@aboverulesep=\dimen153
\@belowrulesep=\dimen154
\@thisruleclass=\count270
\@lastruleclass=\count271
\@thisrulewidth=\dimen155
)
(/usr/share/texlive/texmf-dist/tex/latex/textcase/textcase.sty
Package: textcase 2023/07/27 v1.04 Text only upper/lower case changing (DPC)
Package textcase Info: Defining Legacy names on input line 20.
)
Package classicthesis Info: Using microtype for character spacing.Make sure you
r pdflatex is version 1.40 or higher. on input line 321.

(/usr/share/texlive/texmf-dist/tex/latex/koma-script/scrlayer-scrpage.sty
Package: scrlayer-scrpage 2023/07/07 v3.41 KOMA-Script package (end user interf
ace for scrlayer)

(/usr/share/texlive/texmf-dist/tex/latex/koma-script/scrlayer.sty
Package: scrlayer 2023/07/07 v3.41 KOMA-Script package (defining layers and pag
e styles)
Package scrlayer Info: patching LaTeX kernel macro \pagestyle on input line 218
3.
)
Package scrlayer-scrpage Info: Makeing stand-alone element `pagehead' from
(scrlayer-scrpage)             alias to `pageheadfoot' on input line 1106.
)
1: section
1: chapter
1: chapter
1: section

Class scrbook Warning: Usage of package `titlesec' together
(scrbook)              with a KOMA-Script class is not recommended.
(scrbook)              I'd suggest to use KOMA-Script features
(scrbook)              like \setkomafont, \RedeclareSectionCommand, \sectionlin
esformat
(scrbook)              and several others to re-configure section
(scrbook)              headings.
(scrbook)              Nevertheless, using requested
(scrbook)              package `titlesec' on input line 362.

(/usr/share/texlive/texmf-dist/tex/latex/titlesec/titlesec.sty
Package: titlesec 2023/10/27 v2.16 Sectioning titles
\ttl@box=\box54
\beforetitleunit=\skip66
\aftertitleunit=\skip67
\ttl@plus=\dimen156
\ttl@minus=\dimen157
\ttl@toksa=\toks22
\titlewidth=\dimen158
\titlewidthlast=\dimen159
\titlewidthfirst=\dimen160


Package titlesec Warning: Non standard sectioning command \section
(titlesec)                detected. Using default spacing and no format.


Package titlesec Warning: Non standard sectioning command \subsection
(titlesec)                detected. Using default spacing and no format.


Package titlesec Warning: Non standard sectioning command \subsubsection
(titlesec)                detected. Using default spacing and no format.


Package titlesec Warning: Non standard sectioning command \paragraph
(titlesec)                detected. Using default spacing and no format.


Package titlesec Warning: Non standard sectioning command \subparagraph
(titlesec)                detected. Using default spacing and no format.

)

Class scrbook Warning: Usage of package `tocloft' together
(scrbook)              with a KOMA-Script class is not recommended.
(scrbook)              I'd suggest to use options like `listof=entryprefix',
(scrbook)              commands like `\listoflofentryname' or
(scrbook)              `\listoflotentryname', and `\DeclareTOCStyleEntry' or
(scrbook)              `\RedeclareSectionCommand' instead of this package,
(scrbook)              because it breaks several KOMA-Script features of
(scrbook)              the list of figures, list of tables and table of
(scrbook)              contents, i.e., options like `listof=numbered',
(scrbook)              `listof=flat or `toc=flat', commands like
(scrbook)              `\BeforeTOCHead{...}' and `\AfterTOCHead{...}',
(scrbook)              `\BeforeStartingTOC{...}' and \AfterStartingTOC{...}',
(scrbook)              all features of `\DeclareTOCStyleEntry',
(scrbook)              and the ToC entry features of `\DeclareSecionCommand'
(scrbook)              and `\RedeclareSectionCommand' of levels
(scrbook)              `part', `section', `subsection',
(scrbook)              `subsubsection', `paragraph' and `subparagraph'.
(scrbook)              Nevertheless, using requested
(scrbook)              package `tocloft' on input line 416.

(/usr/share/texlive/texmf-dist/tex/latex/tocloft/tocloft.sty
Package: tocloft 2017/08/31 v2.3i parameterised ToC, etc., typesetting
Package tocloft Info: The document has chapter divisions on input line 51.
\cftparskip=\skip68
\cftbeforetoctitleskip=\skip69
\cftaftertoctitleskip=\skip70
\cftbeforepartskip=\skip71
\cftpartnumwidth=\skip72
\cftpartindent=\skip73
\cftbeforechapskip=\skip74
\cftchapindent=\skip75
\cftchapnumwidth=\skip76
\cftbeforesecskip=\skip77
\cftsecindent=\skip78
\cftsecnumwidth=\skip79
\cftbeforesubsecskip=\skip80
\cftsubsecindent=\skip81
\cftsubsecnumwidth=\skip82
\cftbeforesubsubsecskip=\skip83
\cftsubsubsecindent=\skip84
\cftsubsubsecnumwidth=\skip85
\cftbeforeparaskip=\skip86
\cftparaindent=\skip87
\cftparanumwidth=\skip88
\cftbeforesubparaskip=\skip89
\cftsubparaindent=\skip90
\cftsubparanumwidth=\skip91
\cftbeforeloftitleskip=\skip92
\cftafterloftitleskip=\skip93
\cftbeforefigskip=\skip94
\cftfigindent=\skip95
\cftfignumwidth=\skip96
\c@lofdepth=\count272
\c@lotdepth=\count273
\cftbeforelottitleskip=\skip97
\cftafterlottitleskip=\skip98
\cftbeforetabskip=\skip99
\cfttabindent=\skip100
\cfttabnumwidth=\skip101
)
\newnumberwidth=\skip102
\beforebibskip=\skip103
\newchnumberwidth=\skip104
\figurelabelwidth=\skip105
\tablelabelwidth=\skip106

Using KOMA-command "deffootnote" for footnote setup
(/usr/share/texlive/texmf-dist/tex/latex/koma-script/scrtime.sty
Package: scrtime 2023/07/07 v3.41 KOMA-Script package (time of LaTeX run)
)
(/usr/share/texlive/texmf-dist/tex/latex/caption/caption.sty
Package: caption 2023/08/05 v3.6o Customizing captions (AR)

(/usr/share/texlive/texmf-dist/tex/latex/caption/caption3.sty
Package: caption3 2023/07/31 v2.4d caption3 kernel (AR)
\caption@tempdima=\dimen161
\captionmargin=\dimen162
\caption@leftmargin=\dimen163
\caption@rightmargin=\dimen164
\caption@width=\dimen165
\caption@indent=\dimen166
\caption@parindent=\dimen167
\caption@hangindent=\dimen168
Package caption Info: KOMA-Script document class detected.

(/usr/share/texlive/texmf-dist/tex/latex/caption/caption-koma.sto
File: caption-koma.sto 2023/09/08 v2.0e Adaption of the caption package to the 
KOMA-Script document classes (AR)
))
\c@caption@flags=\count274
\c@continuedfloat=\count275
Package caption Info: KOMA-Script scrextend package detected.
\caption@addmargin@hsize=\dimen169
\caption@addmargin@linewidth=\dimen170
)
(/usr/share/texlive/texmf-dist/tex/latex/carlisle/remreset.sty

Package remreset Warning: The remreset package is obsolete:
(remreset)                \@removefromreset is defined.

) (/usr/share/texlive/texmf-dist/tex/latex/hyperref/hyperref.sty
Package: hyperref 2024-01-20 v7.01h Hypertext links for LaTeX

(/usr/share/texlive/texmf-dist/tex/generic/kvdefinekeys/kvdefinekeys.sty
Package: kvdefinekeys 2019-12-19 v1.6 Define keys (HO)
)
(/usr/share/texlive/texmf-dist/tex/generic/pdfescape/pdfescape.sty
Package: pdfescape 2019/12/09 v1.15 Implements pdfTeX's escape features (HO)

(/usr/share/texlive/texmf-dist/tex/generic/pdftexcmds/pdftexcmds.sty
Package: pdftexcmds 2020-06-27 v0.33 Utility functions of pdfTeX for LuaTeX (HO
)

(/usr/share/texlive/texmf-dist/tex/generic/infwarerr/infwarerr.sty
Package: infwarerr 2019/12/03 v1.5 Providing info/warning/error messages (HO)
)
Package pdftexcmds Info: \pdf@primitive is available.
Package pdftexcmds Info: \pdf@ifprimitive is available.
Package pdftexcmds Info: \pdfdraftmode found.
))
(/usr/share/texlive/texmf-dist/tex/latex/hycolor/hycolor.sty
Package: hycolor 2020-01-27 v1.10 Color options for hyperref/bookmark (HO)
)
(/usr/share/texlive/texmf-dist/tex/latex/auxhook/auxhook.sty
Package: auxhook 2019-12-17 v1.6 Hooks for auxiliary files (HO)
)
(/usr/share/texlive/texmf-dist/tex/latex/hyperref/nameref.sty
Package: nameref 2023-11-26 v2.56 Cross-referencing by name of section

(/usr/share/texlive/texmf-dist/tex/latex/refcount/refcount.sty
Package: refcount 2019/12/15 v3.6 Data extraction from label references (HO)
)
(/usr/share/texlive/texmf-dist/tex/generic/gettitlestring/gettitlestring.sty
Package: gettitlestring 2019/12/15 v1.6 Cleanup title references (HO)
)
\c@section@level=\count276
)
\@linkdim=\dimen171
\Hy@linkcounter=\count277
\Hy@pagecounter=\count278

(/usr/share/texlive/texmf-dist/tex/latex/hyperref/pd1enc.def
File: pd1enc.def 2024-01-20 v7.01h Hyperref: PDFDocEncoding definition (HO)
Now handling font encoding PD1 ...
... no UTF-8 mapping file for font encoding PD1
)
(/usr/share/texlive/texmf-dist/tex/generic/intcalc/intcalc.sty
Package: intcalc 2019/12/15 v1.3 Expandable calculations with integers (HO)
)
\Hy@SavedSpaceFactor=\count279

(/usr/share/texlive/texmf-dist/tex/latex/hyperref/puenc.def
File: puenc.def 2024-01-20 v7.01h Hyperref: PDF Unicode definition (HO)
Now handling font encoding PU ...
... no UTF-8 mapping file for font encoding PU
)
Package hyperref Info: Option `hyperfootnotes' set `false' on input line 4062.
Package hyperref Info: Hyper figures OFF on input line 4179.
Package hyperref Info: Link nesting OFF on input line 4184.
Package hyperref Info: Hyper index ON on input line 4187.
Package hyperref Info: Plain pages OFF on input line 4194.
Package hyperref Info: Backreferencing OFF on input line 4199.
Package hyperref Info: Implicit mode ON; LaTeX internals redefined.
Package hyperref Info: Bookmarks ON on input line 4446.
\c@Hy@tempcnt=\count280

(/usr/share/texlive/texmf-dist/tex/latex/url/url.sty
\Urlmuskip=\muskip16
Package: url 2013/09/16  ver 3.4  Verb mode for urls, etc.
)
LaTeX Info: Redefining \url on input line 4784.
\XeTeXLinkMargin=\dimen172

(/usr/share/texlive/texmf-dist/tex/generic/bitset/bitset.sty
Package: bitset 2019/12/09 v1.3 Handle bit-vector datatype (HO)

(/usr/share/texlive/texmf-dist/tex/generic/bigintcalc/bigintcalc.sty
Package: bigintcalc 2019/12/15 v1.5 Expandable calculations on big integers (HO
)
))
\Fld@menulength=\count281
\Field@Width=\dimen173
\Fld@charsize=\dimen174
Package hyperref Info: Hyper figures OFF on input line 6063.
Package hyperref Info: Link nesting OFF on input line 6068.
Package hyperref Info: Hyper index ON on input line 6071.
Package hyperref Info: backreferencing OFF on input line 6078.
Package hyperref Info: Link coloring OFF on input line 6083.
Package hyperref Info: Link coloring with OCG OFF on input line 6088.
Package hyperref Info: PDF/A mode OFF on input line 6093.

(/usr/share/texlive/texmf-dist/tex/latex/base/atbegshi-ltx.sty
Package: atbegshi-ltx 2021/01/10 v1.0c Emulation of the original atbegshi
package with kernel methods
)
\Hy@abspage=\count282
\c@Item=\count283
)
Package hyperref Info: Driver (autodetected): hpdftex.

(/usr/share/texlive/texmf-dist/tex/latex/hyperref/hpdftex.def
File: hpdftex.def 2024-01-20 v7.01h Hyperref driver for pdfTeX

(/usr/share/texlive/texmf-dist/tex/latex/base/atveryend-ltx.sty
Package: atveryend-ltx 2020/08/19 v1.0a Emulation of the original atveryend pac
kage
with kernel methods
)
\Fld@listcount=\count284
\c@bookmark@seq@number=\count285

(/usr/share/texlive/texmf-dist/tex/latex/rerunfilecheck/rerunfilecheck.sty
Package: rerunfilecheck 2022-07-10 v1.10 Rerun checks for auxiliary files (HO)

(/usr/share/texlive/texmf-dist/tex/generic/uniquecounter/uniquecounter.sty
Package: uniquecounter 2019/12/15 v1.4 Provide unlimited unique counter (HO)
)
Package uniquecounter Info: New unique counter `rerunfilecheck' on input line 2
85.
)
\Hy@SectionHShift=\skip107
)
Package hyperref Info: Option `colorlinks' set `true' on input line 679.
Package hyperref Info: Option `linktocpage' set `true' on input line 679.
Package hyperref Info: Option `breaklinks' set `true' on input line 679.
)
(/usr/share/texlive/texmf-dist/tex/latex/biblatex/biblatex.sty
Package: biblatex 2023/03/05 v3.19 programmable bibliographies (PK/MW)

(/usr/share/texlive/texmf-dist/tex/latex/logreq/logreq.sty
Package: logreq 2010/08/04 v1.0 xml request logger
\lrq@indent=\count286

(/usr/share/texlive/texmf-dist/tex/latex/logreq/logreq.def
File: logreq.def 2010/08/04 v1.0 logreq spec v1.0
))
\c@tabx@nest=\count287
\c@listtotal=\count288
\c@listcount=\count289
\c@liststart=\count290
\c@liststop=\count291
\c@citecount=\count292
\c@citetotal=\count293
\c@multicitecount=\count294
\c@multicitetotal=\count295
\c@instcount=\count296
\c@maxnames=\count297
\c@minnames=\count298
\c@maxitems=\count299
\c@minitems=\count300
\c@citecounter=\count301
\c@maxcitecounter=\count302
\c@savedcitecounter=\count303
\c@uniquelist=\count304
\c@uniquename=\count305
\c@refsection=\count306
\c@refsegment=\count307
\c@maxextratitle=\count308
\c@maxextratitleyear=\count309
\c@maxextraname=\count310
\c@maxextradate=\count311
\c@maxextraalpha=\count312
\c@abbrvpenalty=\count313
\c@highnamepenalty=\count314
\c@lownamepenalty=\count315
\c@maxparens=\count316
\c@parenlevel=\count317
\blx@tempcnta=\count318
\blx@tempcntb=\count319
\blx@tempcntc=\count320
\c@blx@maxsection=\count321
\blx@maxsegment@0=\count322
\blx@notetype=\count323
\blx@parenlevel@text=\count324
\blx@parenlevel@foot=\count325
\blx@sectionciteorder@0=\count326
\blx@sectionciteorderinternal@0=\count327
\blx@entrysetcounter=\count328
\blx@biblioinstance=\count329
\labelnumberwidth=\skip108
\labelalphawidth=\skip109
\biblabelsep=\skip110
\bibitemsep=\skip111
\bibnamesep=\skip112
\bibinitsep=\skip113
\bibparsep=\skip114
\bibhang=\skip115
\blx@bcfin=\read3
\blx@bcfout=\write3
\blx@langwohyphens=\language90
\c@mincomprange=\count330
\c@maxcomprange=\count331
\c@mincompwidth=\count332
Package biblatex Info: Trying to load biblatex default data model...
Package biblatex Info: ... file 'blx-dm.def' found.

(/usr/share/texlive/texmf-dist/tex/latex/biblatex/blx-dm.def
File: blx-dm.def 2023/03/05 v3.19 biblatex localization (PK/MW)
)
Package biblatex Info: Trying to load biblatex style data model...
Package biblatex Info: ... file 'numeric-comp.dbx' not found.
Package biblatex Info: Trying to load biblatex custom data model...
Package biblatex Info: ... file 'biblatex-dm.cfg' not found.
\c@afterword=\count333
\c@savedafterword=\count334
\c@annotator=\count335
\c@savedannotator=\count336
\c@author=\count337
\c@savedauthor=\count338
\c@bookauthor=\count339
\c@savedbookauthor=\count340
\c@commentator=\count341
\c@savedcommentator=\count342
\c@editor=\count343
\c@savededitor=\count344
\c@editora=\count345
\c@savededitora=\count346
\c@editorb=\count347
\c@savededitorb=\count348
\c@editorc=\count349
\c@savededitorc=\count350
\c@foreword=\count351
\c@savedforeword=\count352
\c@holder=\count353
\c@savedholder=\count354
\c@introduction=\count355
\c@savedintroduction=\count356
\c@namea=\count357
\c@savednamea=\count358
\c@nameb=\count359
\c@savednameb=\count360
\c@namec=\count361
\c@savednamec=\count362
\c@translator=\count363
\c@savedtranslator=\count364
\c@shortauthor=\count365
\c@savedshortauthor=\count366
\c@shorteditor=\count367
\c@savedshorteditor=\count368
\c@labelname=\count369
\c@savedlabelname=\count370
\c@institution=\count371
\c@savedinstitution=\count372
\c@lista=\count373
\c@savedlista=\count374
\c@listb=\count375
\c@savedlistb=\count376
\c@listc=\count377
\c@savedlistc=\count378
\c@listd=\count379
\c@savedlistd=\count380
\c@liste=\count381
\c@savedliste=\count382
\c@listf=\count383
\c@savedlistf=\count384
\c@location=\count385
\c@savedlocation=\count386
\c@organization=\count387
\c@savedorganization=\count388
\c@origlocation=\count389
\c@savedoriglocation=\count390
\c@origpublisher=\count391
\c@savedorigpublisher=\count392
\c@publisher=\count393
\c@savedpublisher=\count394
\c@language=\count395
\c@savedlanguage=\count396
\c@origlanguage=\count397
\c@savedoriglanguage=\count398
\c@pageref=\count399
\c@savedpageref=\count400
\shorthandwidth=\skip116
\shortjournalwidth=\skip117
\shortserieswidth=\skip118
\shorttitlewidth=\skip119
\shortauthorwidth=\skip120
\shorteditorwidth=\skip121
\locallabelnumberwidth=\skip122
\locallabelalphawidth=\skip123
\localshorthandwidth=\skip124
\localshortjournalwidth=\skip125
\localshortserieswidth=\skip126
\localshorttitlewidth=\skip127
\localshortauthorwidth=\skip128
\localshorteditorwidth=\skip129
Package biblatex Info: Trying to load compatibility code...
Package biblatex Info: ... file 'blx-compat.def' found.

(/usr/share/texlive/texmf-dist/tex/latex/biblatex/blx-compat.def
File: blx-compat.def 2023/03/05 v3.19 biblatex compatibility (PK/MW)
)
Package biblatex Info: Trying to load generic definitions...
Package biblatex Info: ... file 'biblatex.def' found.

(/usr/share/texlive/texmf-dist/tex/latex/biblatex/biblatex.def
File: biblatex.def 2023/03/05 v3.19 biblatex compatibility (PK/MW)
\c@textcitecount=\count401
\c@textcitetotal=\count402
\c@textcitemaxnames=\count403
\c@biburlbigbreakpenalty=\count404
\c@biburlbreakpenalty=\count405
\c@biburlnumpenalty=\count406
\c@biburlucpenalty=\count407
\c@biburllcpenalty=\count408
\biburlbigskip=\muskip17
\biburlnumskip=\muskip18
\biburlucskip=\muskip19
\biburllcskip=\muskip20
\c@smartand=\count409
)
Package biblatex Info: Trying to load bibliography style 'numeric-comp'...
Package biblatex Info: ... file 'numeric-comp.bbx' found.

(/usr/share/texlive/texmf-dist/tex/latex/biblatex/bbx/numeric-comp.bbx
File: numeric-comp.bbx 2023/03/05 v3.19 biblatex bibliography style (PK/MW)
Package biblatex Info: Trying to load bibliography style 'numeric'...
Package biblatex Info: ... file 'numeric.bbx' found.

(/usr/share/texlive/texmf-dist/tex/latex/biblatex/bbx/numeric.bbx
File: numeric.bbx 2023/03/05 v3.19 biblatex bibliography style (PK/MW)
Package biblatex Info: Trying to load bibliography style 'standard'...
Package biblatex Info: ... file 'standard.bbx' found.

(/usr/share/texlive/texmf-dist/tex/latex/biblatex/bbx/standard.bbx
File: standard.bbx 2023/03/05 v3.19 biblatex bibliography style (PK/MW)
\c@bbx:relatedcount=\count410
\c@bbx:relatedtotal=\count411
)))
Package biblatex Info: Trying to load citation style 'numeric-comp'...
Package biblatex Info: ... file 'numeric-comp.cbx' found.

(/usr/share/texlive/texmf-dist/tex/latex/biblatex/cbx/numeric-comp.cbx
File: numeric-comp.cbx 2023/03/05 v3.19 biblatex citation style (PK/MW)
\c@cbx@tempcnta=\count412
\c@cbx@tempcntb=\count413
\c@cbx@tempcntc=\count414
\c@cbx@tempcntd=\count415
Package biblatex Info: Redefining '\cite'.
Package biblatex Info: Redefining '\parencite'.
Package biblatex Info: Redefining '\footcite'.
Package biblatex Info: Redefining '\footcitetext'.
Package biblatex Info: Redefining '\smartcite'.
Package biblatex Info: Redefining '\supercite'.
Package biblatex Info: Redefining '\textcite'.
Package biblatex Info: Redefining '\textcites'.
Package biblatex Info: Redefining '\cites'.
Package biblatex Info: Redefining '\parencites'.
Package biblatex Info: Redefining '\smartcites'.
)
Package biblatex Info: Trying to load configuration file...
Package biblatex Info: ... file 'biblatex.cfg' found.

(/usr/share/texlive/texmf-dist/tex/latex/biblatex/biblatex.cfg
File: biblatex.cfg 
)
Package biblatex Info: Input encoding 'utf8' detected.
Package biblatex Info: Document encoding is UTF8 ....

(/usr/share/texlive/texmf-dist/tex/latex/l3kernel/expl3.sty
Package: expl3 2024-01-22 L3 programming layer (loader) 

(/usr/share/texlive/texmf-dist/tex/latex/l3backend/l3backend-pdftex.def
File: l3backend-pdftex.def 2024-01-04 L3 backend support: PDF output (pdfTeX)
\l__color_backend_stack_int=\count416
\l__pdf_internal_box=\box55
))
Package biblatex Info: ... and expl3
(biblatex)             2024-01-22 L3 programming layer (loader) 
(biblatex)             is new enough (at least 2020/04/06),
(biblatex)             setting 'casechanger=expl3'.

(/usr/share/texlive/texmf-dist/tex/latex/biblatex/blx-case-expl3.sty
(/usr/share/texlive/texmf-dist/tex/latex/l3packages/xparse/xparse.sty
Package: xparse 2023-10-10 L3 Experimental document command parser
)
Package: blx-case-expl3 2023/03/05 v3.19 expl3 case changing code for biblatex
))
(/usr/share/texlive/texmf-dist/tex/latex/amsmath/amsmath.sty
Package: amsmath 2023/05/13 v2.17o AMS math features
\@mathmargin=\skip130

For additional information on amsmath, use the `?' option.
(/usr/share/texlive/texmf-dist/tex/latex/amsmath/amstext.sty
Package: amstext 2021/08/26 v2.01 AMS text

(/usr/share/texlive/texmf-dist/tex/latex/amsmath/amsgen.sty
File: amsgen.sty 1999/11/30 v2.0 generic functions
\@emptytoks=\toks23
\ex@=\dimen175
))
(/usr/share/texlive/texmf-dist/tex/latex/amsmath/amsbsy.sty
Package: amsbsy 1999/11/29 v1.2d Bold Symbols
\pmbraise@=\dimen176
)
(/usr/share/texlive/texmf-dist/tex/latex/amsmath/amsopn.sty
Package: amsopn 2022/04/08 v2.04 operator names
)
\inf@bad=\count417
LaTeX Info: Redefining \frac on input line 234.
\uproot@=\count418
\leftroot@=\count419
LaTeX Info: Redefining \overline on input line 399.
LaTeX Info: Redefining \colon on input line 410.
\classnum@=\count420
\DOTSCASE@=\count421
LaTeX Info: Redefining \ldots on input line 496.
LaTeX Info: Redefining \dots on input line 499.
LaTeX Info: Redefining \cdots on input line 620.
\Mathstrutbox@=\box56
\strutbox@=\box57
LaTeX Info: Redefining \big on input line 722.
LaTeX Info: Redefining \Big on input line 723.
LaTeX Info: Redefining \bigg on input line 724.
LaTeX Info: Redefining \Bigg on input line 725.
\big@size=\dimen177
LaTeX Font Info:    Redeclaring font encoding OML on input line 743.
LaTeX Font Info:    Redeclaring font encoding OMS on input line 744.
\macc@depth=\count422
LaTeX Info: Redefining \bmod on input line 905.
LaTeX Info: Redefining \pmod on input line 910.
LaTeX Info: Redefining \smash on input line 940.
LaTeX Info: Redefining \relbar on input line 970.
LaTeX Info: Redefining \Relbar on input line 971.
\c@MaxMatrixCols=\count423
\dotsspace@=\muskip21
\c@parentequation=\count424
\dspbrk@lvl=\count425
\tag@help=\toks24
\row@=\count426
\column@=\count427
\maxfields@=\count428
\andhelp@=\toks25
\eqnshift@=\dimen178
\alignsep@=\dimen179
\tagshift@=\dimen180
\tagwidth@=\dimen181
\totwidth@=\dimen182
\lineht@=\dimen183
\@envbody=\toks26
\multlinegap=\skip131
\multlinetaggap=\skip132
\mathdisplay@stack=\toks27
LaTeX Info: Redefining \[ on input line 2953.
LaTeX Info: Redefining \] on input line 2954.
)
(/usr/share/texlive/texmf-dist/tex/latex/amsfonts/amssymb.sty
Package: amssymb 2013/01/14 v3.01 AMS font symbols

(/usr/share/texlive/texmf-dist/tex/latex/amsfonts/amsfonts.sty
Package: amsfonts 2013/01/14 v3.01 Basic AMSFonts support
\symAMSa=\mathgroup5
\symAMSb=\mathgroup6
LaTeX Font Info:    Redeclaring math symbol \hbar on input line 98.
LaTeX Font Info:    Overwriting math alphabet `\mathfrak' in version `bold'
(Font)                  U/euf/m/n --> U/euf/b/n on input line 106.
))
(/usr/share/texlive/texmf-dist/tex/latex/graphics/graphicx.sty
Package: graphicx 2021/09/16 v1.2d Enhanced LaTeX Graphics (DPC,SPQR)

(/usr/share/texlive/texmf-dist/tex/latex/graphics/graphics.sty
Package: graphics 2022/03/10 v1.4e Standard LaTeX Graphics (DPC,SPQR)

(/usr/share/texlive/texmf-dist/tex/latex/graphics/trig.sty
Package: trig 2021/08/11 v1.11 sin cos tan (DPC)
)
(/usr/share/texlive/texmf-dist/tex/latex/graphics-cfg/graphics.cfg
File: graphics.cfg 2016/06/04 v1.11 sample graphics configuration
)
Package graphics Info: Driver file: pdftex.def on input line 107.
)
\Gin@req@height=\dimen184
\Gin@req@width=\dimen185
)
(/usr/share/texlive/texmf-dist/tex/latex/caption/subcaption.sty
Package: subcaption 2023/07/28 v1.6b Sub-captions (AR)
Package caption Info: New subtype `subfigure' on input line 238.
\c@subfigure=\count429
Package caption Info: New subtype `subtable' on input line 238.
\c@subtable=\count430
)
(./packages/kbordermatrix.sty

LaTeX Warning: You have requested package `packages/kbordermatrix',
               but the package provides `kbordermatrix'.

Package: kbordermatrix 2011/09/21 Bordered matrix with brackets
\kbcolsep=\skip133
\kbrowsep=\skip134
\br@kwd=\skip135
\k@bordht=\skip136
) (/usr/share/texlive/texmf-dist/tex/latex/comment/comment.sty
\CommentStream=\write4

Excluding comment 'comment')
(/usr/share/texlive/texmf-dist/tex/latex/multirow/multirow.sty
Package: multirow 2021/03/15 v2.8 Span multiple rows of a table
\multirow@colwidth=\skip137
\multirow@cntb=\count431
\multirow@dima=\skip138
\bigstrutjot=\dimen186
)
(/usr/share/texlive/texmf-dist/tex/latex/colortbl/colortbl.sty
Package: colortbl 2022/06/20 v1.0f Color table columns (DPC)

(/usr/share/texlive/texmf-dist/tex/latex/tools/array.sty
Package: array 2023/10/16 v2.5g Tabular extension package (FMi)
\col@sep=\dimen187
\ar@mcellbox=\box58
\extrarowheight=\dimen188
\NC@list=\toks28
\extratabsurround=\skip139
\backup@length=\skip140
\ar@cellbox=\box59
)
\everycr=\toks29
\minrowclearance=\skip141
\rownum=\count432
)
(/usr/share/texlive/texmf-dist/tex/latex/adjustbox/adjustbox.sty
Package: adjustbox 2022/10/17 v1.3a Adjusting TeX boxes (trim, clip, ...)

(/usr/share/texlive/texmf-dist/tex/latex/xkeyval/xkeyval.sty
Package: xkeyval 2022/06/16 v2.9 package option processing (HA)

(/usr/share/texlive/texmf-dist/tex/generic/xkeyval/xkeyval.tex
(/usr/share/texlive/texmf-dist/tex/generic/xkeyval/xkvutils.tex
\XKV@toks=\toks30
\XKV@tempa@toks=\toks31
)
\XKV@depth=\count433
File: xkeyval.tex 2014/12/03 v2.7a key=value parser (HA)
))
(/usr/share/texlive/texmf-dist/tex/latex/adjustbox/adjcalc.sty
Package: adjcalc 2012/05/16 v1.1 Provides advanced setlength with multiple back
-ends (calc, etex, pgfmath)
)
(/usr/share/texlive/texmf-dist/tex/latex/adjustbox/trimclip.sty
Package: trimclip 2020/08/19 v1.2 Trim and clip general TeX material

(/usr/share/texlive/texmf-dist/tex/latex/collectbox/collectbox.sty
Package: collectbox 2022/10/17 v0.4c Collect macro arguments as boxes
\collectedbox=\box60
)
\tc@llx=\dimen189
\tc@lly=\dimen190
\tc@urx=\dimen191
\tc@ury=\dimen192
Package trimclip Info: Using driver 'tc-pdftex.def'.

(/usr/share/texlive/texmf-dist/tex/latex/adjustbox/tc-pdftex.def
File: tc-pdftex.def 2019/01/04 v2.2 Clipping driver for pdftex
))
\adjbox@Width=\dimen193
\adjbox@Height=\dimen194
\adjbox@Depth=\dimen195
\adjbox@Totalheight=\dimen196
\adjbox@pwidth=\dimen197
\adjbox@pheight=\dimen198
\adjbox@pdepth=\dimen199
\adjbox@ptotalheight=\dimen256

(/usr/share/texlive/texmf-dist/tex/latex/ifoddpage/ifoddpage.sty
Package: ifoddpage 2022/10/18 v1.2 Conditionals for odd/even page detection
\c@checkoddpage=\count434
)
(/usr/share/texlive/texmf-dist/tex/latex/varwidth/varwidth.sty
Package: varwidth 2009/03/30 ver 0.92;  Variable-width minipages
\@vwid@box=\box61
\sift@deathcycles=\count435
\@vwid@loff=\dimen257
\@vwid@roff=\dimen258
))
(/usr/share/texlive/texmf-dist/tex/generic/chemfig/chemfig.sty
(/usr/share/texlive/texmf-dist/tex/latex/pgf/frontendlayer/tikz.sty
(/usr/share/texlive/texmf-dist/tex/latex/pgf/basiclayer/pgf.sty
(/usr/share/texlive/texmf-dist/tex/latex/pgf/utilities/pgfrcs.sty
(/usr/share/texlive/texmf-dist/tex/generic/pgf/utilities/pgfutil-common.tex
\pgfutil@everybye=\toks32
\pgfutil@tempdima=\dimen259
\pgfutil@tempdimb=\dimen260
)
(/usr/share/texlive/texmf-dist/tex/generic/pgf/utilities/pgfutil-latex.def
\pgfutil@abb=\box62
)
(/usr/share/texlive/texmf-dist/tex/generic/pgf/utilities/pgfrcs.code.tex
(/usr/share/texlive/texmf-dist/tex/generic/pgf/pgf.revision.tex)
Package: pgfrcs 2023-01-15 v3.1.10 (3.1.10)
))
Package: pgf 2023-01-15 v3.1.10 (3.1.10)

(/usr/share/texlive/texmf-dist/tex/latex/pgf/basiclayer/pgfcore.sty
(/usr/share/texlive/texmf-dist/tex/latex/pgf/systemlayer/pgfsys.sty
(/usr/share/texlive/texmf-dist/tex/generic/pgf/systemlayer/pgfsys.code.tex
Package: pgfsys 2023-01-15 v3.1.10 (3.1.10)

(/usr/share/texlive/texmf-dist/tex/generic/pgf/utilities/pgfkeys.code.tex
\pgfkeys@pathtoks=\toks33
\pgfkeys@temptoks=\toks34

(/usr/share/texlive/texmf-dist/tex/generic/pgf/utilities/pgfkeyslibraryfiltered
.code.tex
\pgfkeys@tmptoks=\toks35
))
\pgf@x=\dimen261
\pgf@y=\dimen262
\pgf@xa=\dimen263
\pgf@ya=\dimen264
\pgf@xb=\dimen265
\pgf@yb=\dimen266
\pgf@xc=\dimen267
\pgf@yc=\dimen268
\pgf@xd=\dimen269
\pgf@yd=\dimen270
\w@pgf@writea=\write5
\r@pgf@reada=\read4
\c@pgf@counta=\count436
\c@pgf@countb=\count437
\c@pgf@countc=\count438
\c@pgf@countd=\count439
\t@pgf@toka=\toks36
\t@pgf@tokb=\toks37
\t@pgf@tokc=\toks38
\pgf@sys@id@count=\count440
 (/usr/share/texlive/texmf-dist/tex/generic/pgf/systemlayer/pgf.cfg
File: pgf.cfg 2023-01-15 v3.1.10 (3.1.10)
)
Driver file for pgf: pgfsys-pdftex.def
(/usr/share/texlive/texmf-dist/tex/generic/pgf/systemlayer/pgfsys-pdftex.def
File: pgfsys-pdftex.def 2023-01-15 v3.1.10 (3.1.10)

(/usr/share/texlive/texmf-dist/tex/generic/pgf/systemlayer/pgfsys-common-pdf.de
f
File: pgfsys-common-pdf.def 2023-01-15 v3.1.10 (3.1.10)
)))
(/usr/share/texlive/texmf-dist/tex/generic/pgf/systemlayer/pgfsyssoftpath.code.
tex
File: pgfsyssoftpath.code.tex 2023-01-15 v3.1.10 (3.1.10)
\pgfsyssoftpath@smallbuffer@items=\count441
\pgfsyssoftpath@bigbuffer@items=\count442
)
(/usr/share/texlive/texmf-dist/tex/generic/pgf/systemlayer/pgfsysprotocol.code.
tex
File: pgfsysprotocol.code.tex 2023-01-15 v3.1.10 (3.1.10)
))
(/usr/share/texlive/texmf-dist/tex/generic/pgf/basiclayer/pgfcore.code.tex
Package: pgfcore 2023-01-15 v3.1.10 (3.1.10)

(/usr/share/texlive/texmf-dist/tex/generic/pgf/math/pgfmath.code.tex
(/usr/share/texlive/texmf-dist/tex/generic/pgf/math/pgfmathutil.code.tex)
(/usr/share/texlive/texmf-dist/tex/generic/pgf/math/pgfmathparser.code.tex
\pgfmath@dimen=\dimen271
\pgfmath@count=\count443
\pgfmath@box=\box63
\pgfmath@toks=\toks39
\pgfmath@stack@operand=\toks40
\pgfmath@stack@operation=\toks41
)
(/usr/share/texlive/texmf-dist/tex/generic/pgf/math/pgfmathfunctions.code.tex)
(/usr/share/texlive/texmf-dist/tex/generic/pgf/math/pgfmathfunctions.basic.code
.tex)
(/usr/share/texlive/texmf-dist/tex/generic/pgf/math/pgfmathfunctions.trigonomet
ric.code.tex)
(/usr/share/texlive/texmf-dist/tex/generic/pgf/math/pgfmathfunctions.random.cod
e.tex)
(/usr/share/texlive/texmf-dist/tex/generic/pgf/math/pgfmathfunctions.comparison
.code.tex)
(/usr/share/texlive/texmf-dist/tex/generic/pgf/math/pgfmathfunctions.base.code.
tex)
(/usr/share/texlive/texmf-dist/tex/generic/pgf/math/pgfmathfunctions.round.code
.tex)
(/usr/share/texlive/texmf-dist/tex/generic/pgf/math/pgfmathfunctions.misc.code.
tex)
(/usr/share/texlive/texmf-dist/tex/generic/pgf/math/pgfmathfunctions.integerari
thmetics.code.tex)
(/usr/share/texlive/texmf-dist/tex/generic/pgf/math/pgfmathcalc.code.tex)
(/usr/share/texlive/texmf-dist/tex/generic/pgf/math/pgfmathfloat.code.tex
\c@pgfmathroundto@lastzeros=\count444
))
(/usr/share/texlive/texmf-dist/tex/generic/pgf/math/pgfint.code.tex)
(/usr/share/texlive/texmf-dist/tex/generic/pgf/basiclayer/pgfcorepoints.code.te
x
File: pgfcorepoints.code.tex 2023-01-15 v3.1.10 (3.1.10)
\pgf@picminx=\dimen272
\pgf@picmaxx=\dimen273
\pgf@picminy=\dimen274
\pgf@picmaxy=\dimen275
\pgf@pathminx=\dimen276
\pgf@pathmaxx=\dimen277
\pgf@pathminy=\dimen278
\pgf@pathmaxy=\dimen279
\pgf@xx=\dimen280
\pgf@xy=\dimen281
\pgf@yx=\dimen282
\pgf@yy=\dimen283
\pgf@zx=\dimen284
\pgf@zy=\dimen285
)
(/usr/share/texlive/texmf-dist/tex/generic/pgf/basiclayer/pgfcorepathconstruct.
code.tex
File: pgfcorepathconstruct.code.tex 2023-01-15 v3.1.10 (3.1.10)
\pgf@path@lastx=\dimen286
\pgf@path@lasty=\dimen287
)
(/usr/share/texlive/texmf-dist/tex/generic/pgf/basiclayer/pgfcorepathusage.code
.tex
File: pgfcorepathusage.code.tex 2023-01-15 v3.1.10 (3.1.10)
\pgf@shorten@end@additional=\dimen288
\pgf@shorten@start@additional=\dimen289
)
(/usr/share/texlive/texmf-dist/tex/generic/pgf/basiclayer/pgfcorescopes.code.te
x
File: pgfcorescopes.code.tex 2023-01-15 v3.1.10 (3.1.10)
\pgfpic=\box64
\pgf@hbox=\box65
\pgf@layerbox@main=\box66
\pgf@picture@serial@count=\count445
)
(/usr/share/texlive/texmf-dist/tex/generic/pgf/basiclayer/pgfcoregraphicstate.c
ode.tex
File: pgfcoregraphicstate.code.tex 2023-01-15 v3.1.10 (3.1.10)
\pgflinewidth=\dimen290
)
(/usr/share/texlive/texmf-dist/tex/generic/pgf/basiclayer/pgfcoretransformation
s.code.tex
File: pgfcoretransformations.code.tex 2023-01-15 v3.1.10 (3.1.10)
\pgf@pt@x=\dimen291
\pgf@pt@y=\dimen292
\pgf@pt@temp=\dimen293
)
(/usr/share/texlive/texmf-dist/tex/generic/pgf/basiclayer/pgfcorequick.code.tex
File: pgfcorequick.code.tex 2023-01-15 v3.1.10 (3.1.10)
)
(/usr/share/texlive/texmf-dist/tex/generic/pgf/basiclayer/pgfcoreobjects.code.t
ex
File: pgfcoreobjects.code.tex 2023-01-15 v3.1.10 (3.1.10)
)
(/usr/share/texlive/texmf-dist/tex/generic/pgf/basiclayer/pgfcorepathprocessing
.code.tex
File: pgfcorepathprocessing.code.tex 2023-01-15 v3.1.10 (3.1.10)
)
(/usr/share/texlive/texmf-dist/tex/generic/pgf/basiclayer/pgfcorearrows.code.te
x
File: pgfcorearrows.code.tex 2023-01-15 v3.1.10 (3.1.10)
\pgfarrowsep=\dimen294
)
(/usr/share/texlive/texmf-dist/tex/generic/pgf/basiclayer/pgfcoreshade.code.tex
File: pgfcoreshade.code.tex 2023-01-15 v3.1.10 (3.1.10)
\pgf@max=\dimen295
\pgf@sys@shading@range@num=\count446
\pgf@shadingcount=\count447
)
(/usr/share/texlive/texmf-dist/tex/generic/pgf/basiclayer/pgfcoreimage.code.tex
File: pgfcoreimage.code.tex 2023-01-15 v3.1.10 (3.1.10)
)
(/usr/share/texlive/texmf-dist/tex/generic/pgf/basiclayer/pgfcoreexternal.code.
tex
File: pgfcoreexternal.code.tex 2023-01-15 v3.1.10 (3.1.10)
\pgfexternal@startupbox=\box67
)
(/usr/share/texlive/texmf-dist/tex/generic/pgf/basiclayer/pgfcorelayers.code.te
x
File: pgfcorelayers.code.tex 2023-01-15 v3.1.10 (3.1.10)
)
(/usr/share/texlive/texmf-dist/tex/generic/pgf/basiclayer/pgfcoretransparency.c
ode.tex
File: pgfcoretransparency.code.tex 2023-01-15 v3.1.10 (3.1.10)
)
(/usr/share/texlive/texmf-dist/tex/generic/pgf/basiclayer/pgfcorepatterns.code.
tex
File: pgfcorepatterns.code.tex 2023-01-15 v3.1.10 (3.1.10)
)
(/usr/share/texlive/texmf-dist/tex/generic/pgf/basiclayer/pgfcorerdf.code.tex
File: pgfcorerdf.code.tex 2023-01-15 v3.1.10 (3.1.10)
)))
(/usr/share/texlive/texmf-dist/tex/generic/pgf/modules/pgfmoduleshapes.code.tex
File: pgfmoduleshapes.code.tex 2023-01-15 v3.1.10 (3.1.10)
\pgfnodeparttextbox=\box68
) (/usr/share/texlive/texmf-dist/tex/generic/pgf/modules/pgfmoduleplot.code.tex
File: pgfmoduleplot.code.tex 2023-01-15 v3.1.10 (3.1.10)
)
(/usr/share/texlive/texmf-dist/tex/latex/pgf/compatibility/pgfcomp-version-0-65
.sty
Package: pgfcomp-version-0-65 2023-01-15 v3.1.10 (3.1.10)
\pgf@nodesepstart=\dimen296
\pgf@nodesepend=\dimen297
)
(/usr/share/texlive/texmf-dist/tex/latex/pgf/compatibility/pgfcomp-version-1-18
.sty
Package: pgfcomp-version-1-18 2023-01-15 v3.1.10 (3.1.10)
)) (/usr/share/texlive/texmf-dist/tex/latex/pgf/utilities/pgffor.sty
(/usr/share/texlive/texmf-dist/tex/latex/pgf/utilities/pgfkeys.sty
(/usr/share/texlive/texmf-dist/tex/generic/pgf/utilities/pgfkeys.code.tex))
(/usr/share/texlive/texmf-dist/tex/latex/pgf/math/pgfmath.sty
(/usr/share/texlive/texmf-dist/tex/generic/pgf/math/pgfmath.code.tex))
(/usr/share/texlive/texmf-dist/tex/generic/pgf/utilities/pgffor.code.tex
Package: pgffor 2023-01-15 v3.1.10 (3.1.10)
\pgffor@iter=\dimen298
\pgffor@skip=\dimen299
\pgffor@stack=\toks42
\pgffor@toks=\toks43
))
(/usr/share/texlive/texmf-dist/tex/generic/pgf/frontendlayer/tikz/tikz.code.tex
Package: tikz 2023-01-15 v3.1.10 (3.1.10)

(/usr/share/texlive/texmf-dist/tex/generic/pgf/libraries/pgflibraryplothandlers
.code.tex
File: pgflibraryplothandlers.code.tex 2023-01-15 v3.1.10 (3.1.10)
\pgf@plot@mark@count=\count448
\pgfplotmarksize=\dimen300
)
\tikz@lastx=\dimen301
\tikz@lasty=\dimen302
\tikz@lastxsaved=\dimen303
\tikz@lastysaved=\dimen304
\tikz@lastmovetox=\dimen305
\tikz@lastmovetoy=\dimen306
\tikzleveldistance=\dimen307
\tikzsiblingdistance=\dimen308
\tikz@figbox=\box69
\tikz@figbox@bg=\box70
\tikz@tempbox=\box71
\tikz@tempbox@bg=\box72
\tikztreelevel=\count449
\tikznumberofchildren=\count450
\tikznumberofcurrentchild=\count451
\tikz@fig@count=\count452

(/usr/share/texlive/texmf-dist/tex/generic/pgf/modules/pgfmodulematrix.code.tex
File: pgfmodulematrix.code.tex 2023-01-15 v3.1.10 (3.1.10)
\pgfmatrixcurrentrow=\count453
\pgfmatrixcurrentcolumn=\count454
\pgf@matrix@numberofcolumns=\count455
)
\tikz@expandcount=\count456

(/usr/share/texlive/texmf-dist/tex/generic/pgf/frontendlayer/tikz/libraries/tik
zlibrarytopaths.code.tex
File: tikzlibrarytopaths.code.tex 2023-01-15 v3.1.10 (3.1.10)
)))
(/usr/share/texlive/texmf-dist/tex/generic/chemfig/chemfig.tex
(/usr/share/texlive/texmf-dist/tex/generic/simplekv/simplekv.tex
Package: simplekv 2023/10/02 v0.2c Simple keyval package (CT)
)
(/usr/share/texlive/texmf-dist/tex/generic/pgf/libraries/pgflibraryarrows.meta.
code.tex
File: pgflibraryarrows.meta.code.tex 2023-01-15 v3.1.10 (3.1.10)
\pgfarrowinset=\dimen309
\pgfarrowlength=\dimen310
\pgfarrowwidth=\dimen311
\pgfarrowlinewidth=\dimen312
)
\CF_cnt_atomgroup=\count457
\CF_cnt_group=\count458
\CF_cnt_atom=\count459
\CF_cnt_cycle=\count460
\CF_cnt_cyclebonds=\count461
\CF_cnt_compound=\count462
\CF_dim=\dimen313
\CF_turnangle=\dimen314
\CF_arrowsize=\dimen315
\CF_zero=\dimen316
\CF_box=\box73
\CF_boxstuff=\box74
\CF_testbox=\box75
\CF_chargebox=\box76
\CF_substtoks=\toks44
)
Package: chemfig 2023/12/28 v1.66 Draw molecule with an easy syntax (CT)
) (./config/metadata.tex) (./config/classicthesis-config.tex)

Package biblatex Warning: 'babel/polyglossia' detected but 'csquotes' missing.
(biblatex)                Loading 'csquotes' recommended.

\@quotelevel=\count463
\@quotereset=\count464
LaTeX Font Info:    Trying to load font information for T1+pplj on input line 5
5.
(/usr/share/texlive/texmf-dist/tex/latex/psnfss/t1pplj.fd
File: t1pplj.fd 2004/09/06 font definitions for T1/pplj.
) (./main.aux

LaTeX Warning: Label `second appendix' multiply defined.


LaTeX Warning: Label `tab:convSoln_molecules' multiply defined.


LaTeX Warning: Label `ch:discussions' multiply defined.


LaTeX Warning: Label `fig: rule0' multiply defined.


LaTeX Warning: Label `sub@fig: rule0' multiply defined.


LaTeX Warning: Label `fig: rule1' multiply defined.


LaTeX Warning: Label `sub@fig: rule1' multiply defined.


LaTeX Warning: Label `fig: rule2' multiply defined.


LaTeX Warning: Label `sub@fig: rule2' multiply defined.

)
\openout1 = `main.aux'.

LaTeX Font Info:    Checking defaults for OML/cmm/m/it on input line 55.
LaTeX Font Info:    ... okay on input line 55.
LaTeX Font Info:    Checking defaults for OMS/cmsy/m/n on input line 55.
LaTeX Font Info:    ... okay on input line 55.
LaTeX Font Info:    Checking defaults for OT1/cmr/m/n on input line 55.
LaTeX Font Info:    ... okay on input line 55.
LaTeX Font Info:    Checking defaults for T1/cmr/m/n on input line 55.
LaTeX Font Info:    ... okay on input line 55.
LaTeX Font Info:    Checking defaults for TS1/cmr/m/n on input line 55.
LaTeX Font Info:    ... okay on input line 55.
LaTeX Font Info:    Checking defaults for OMX/cmex/m/n on input line 55.
LaTeX Font Info:    ... okay on input line 55.
LaTeX Font Info:    Checking defaults for U/cmr/m/n on input line 55.
LaTeX Font Info:    ... okay on input line 55.
LaTeX Font Info:    Checking defaults for PD1/pdf/m/n on input line 55.
LaTeX Font Info:    ... okay on input line 55.
LaTeX Font Info:    Checking defaults for PU/pdf/m/n on input line 55.
LaTeX Font Info:    ... okay on input line 55.
Package scrbase Info: activating english \partname on input line 55.
Package scrbase Info: activating english \chaptername on input line 55.
Package scrbase Info: activating english \appendixname on input line 55.
Package scrbase Info: activating english \figurename on input line 55.
Package scrbase Info: activating english \tablename on input line 55.
Package scrbase Info: activating english \contentsname on input line 55.
Package scrbase Info: activating english \listfigurename on input line 55.
Package scrbase Info: activating english \listtablename on input line 55.
Package scrbase Info: activating english \bibname on input line 55.
Package scrbase Info: activating english \indexname on input line 55.
 (/usr/share/texlive/texmf-dist/tex/context/base/mkii/supp-pdf.mkii
[Loading MPS to PDF converter (version 2006.09.02).]
\scratchcounter=\count465
\scratchdimen=\dimen317
\scratchbox=\box77
\nofMPsegments=\count466
\nofMParguments=\count467
\everyMPshowfont=\toks45
\MPscratchCnt=\count468
\MPscratchDim=\dimen318
\MPnumerator=\count469
\makeMPintoPDFobject=\count470
\everyMPtoPDFconversion=\toks46
) (/usr/share/texlive/texmf-dist/tex/latex/epstopdf-pkg/epstopdf-base.sty
Package: epstopdf-base 2020-01-24 v2.11 Base part for package epstopdf
Package epstopdf-base Info: Redefining graphics rule for `.eps' on input line 4
85.

(/usr/share/texlive/texmf-dist/tex/latex/latexconfig/epstopdf-sys.cfg
File: epstopdf-sys.cfg 2010/07/13 v1.3 Configuration of (r)epstopdf for TeX Liv
e
))
LaTeX Info: Redefining \microtypecontext on input line 55.
Package microtype Info: Applying patch `item' on input line 55.
Package microtype Info: Applying patch `toc' on input line 55.
Package microtype Info: Applying patch `eqnum' on input line 55.
Package microtype Info: Applying patch `footnote' on input line 55.
Package microtype Info: Applying patch `verbatim' on input line 55.
Package microtype Info: Generating PDF output.
Package microtype Info: Character protrusion enabled (level 2).
Package microtype Info: Using default protrusion set `alltext'.
Package microtype Info: Automatic font expansion enabled (level 2),
(microtype)             stretch: 20, shrink: 20, step: 1, non-selected.
Package microtype Info: Using default expansion set `alltext-nott'.
LaTeX Info: Redefining \showhyphens on input line 55.
Package microtype Info: No adjustment of tracking.
Package microtype Info: No adjustment of interword spacing.
Package microtype Info: No adjustment of character kerning.

(/usr/share/texlive/texmf-dist/tex/latex/microtype/mt-ppl.cfg
File: mt-ppl.cfg 2005/11/16 v1.6 microtype config. file: Palatino (RS)
)
Package caption Info: Begin \AtBeginDocument code.
Package caption Info: hyperref package is loaded.
Package caption Info: End \AtBeginDocument code.
Package hyperref Info: Link coloring ON on input line 55.
 (./main.out)
(./main.out)
\@outlinefile=\write6
\openout6 = `main.out'.

Class scrbook Info: loading recommended package `bookmark'.
(scrbook)           Using `bookmark' together with `hyperref' is recommended,
(scrbook)           because of handling of possible bookmark level gaps.
(scrbook)           You can avoid loading `bookmark' with KOMA-Script option
(scrbook)           `bookmarkpackage=false' before \begin{document} and
(scrbook)           you can avoid this message adding:
(scrbook)             \usepackage{bookmark}
(scrbook)           before \begin{document} on input line 55.
 (/usr/share/texlive/texmf-dist/tex/latex/bookmark/bookmark.sty
Package: bookmark 2023-12-10 v1.31 PDF bookmarks (HO)

(/usr/share/texlive/texmf-dist/tex/latex/bookmark/bkm-pdftex.def
File: bkm-pdftex.def 2023-12-10 v1.31 bookmark driver for pdfTeX and luaTeX (HO
)
\BKM@id=\count471
))
Package biblatex Info: Trying to load language 'english'...
Package biblatex Info: ... file 'english.lbx' found.

(/usr/share/texlive/texmf-dist/tex/latex/biblatex/lbx/english.lbx
File: english.lbx 2023/03/05 v3.19 biblatex localization (PK/MW)
)
Package biblatex Info: Input encoding 'utf8' detected.
Package biblatex Info: Automatic encoding selection.
(biblatex)             Assuming data encoding 'utf8'.
\openout3 = `main.bcf'.

Package biblatex Info: Trying to load bibliographic data...
Package biblatex Info: ... file 'main.bbl' found.
 (./main.bbl)
Package biblatex Info: Reference section=0 on input line 55.
Package biblatex Info: Reference segment=0 on input line 55.
(./frontmatter/titlepage.tex [1





{/var/lib/texmf/fonts/map/pdftex/updmap/pdftex.map}{/usr/share/texlive/texmf-di
st/fonts/enc/dvips/base/8r.enc}])
(./frontmatter/titlepage_reverse.tex
Underfull \hbox (badness 10000) in paragraph at lines 2--3

 []

) (./frontmatter/abstract.tex)
LaTeX Font Info:    Calculating math sizes for size <11.86258> on input line 61
.
LaTeX Font Info:    Trying to load font information for OT1+pplx on input line 
61.

(/usr/share/texlive/texmf-dist/tex/latex/psnfss/ot1pplx.fd
File: ot1pplx.fd 2004/09/06 font definitions for OT1/pplx.
)
LaTeX Font Info:    Trying to load font information for OML+zplm on input line 
61.

(/usr/share/texlive/texmf-dist/tex/latex/psnfss/omlzplm.fd
File: omlzplm.fd 2002/09/08 Fontinst v1.914 font definitions for OML/zplm.
)
LaTeX Font Info:    Trying to load font information for OMS+zplm on input line 
61.

(/usr/share/texlive/texmf-dist/tex/latex/psnfss/omszplm.fd
File: omszplm.fd 2002/09/08 Fontinst v1.914 font definitions for OMS/zplm.
)
LaTeX Font Info:    Trying to load font information for OMX+zplm on input line 
61.

(/usr/share/texlive/texmf-dist/tex/latex/psnfss/omxzplm.fd
File: omxzplm.fd 2002/09/08 Fontinst v1.914 font definitions for OMX/zplm.
)
LaTeX Font Info:    Trying to load font information for OT1+zplm on input line 
61.

(/usr/share/texlive/texmf-dist/tex/latex/psnfss/ot1zplm.fd
File: ot1zplm.fd 2002/09/08 Fontinst v1.914 font definitions for OT1/zplm.
)
Package microtype Info: Loading generic protrusion settings for font family
(microtype)             `zplm' (encoding: OT1).
(microtype)             For optimal results, create family-specific settings.
(microtype)             See the microtype manual for details.
LaTeX Font Info:    Font shape `U/msa/m/n' will be
(Font)              scaled to size 12.36089pt on input line 61.

(/usr/share/texlive/texmf-dist/tex/latex/microtype/mt-msa.cfg
File: mt-msa.cfg 2006/02/04 v1.1 microtype config. file: AMS symbols (a) (RS)
)
LaTeX Font Info:    Font shape `U/msa/m/n' will be
(Font)              scaled to size 9.3942pt on input line 61.
LaTeX Font Info:    Font shape `U/msa/m/n' will be
(Font)              scaled to size 7.4166pt on input line 61.
LaTeX Font Info:    Font shape `U/msb/m/n' will be
(Font)              scaled to size 12.36089pt on input line 61.

(/usr/share/texlive/texmf-dist/tex/latex/microtype/mt-msb.cfg
File: mt-msb.cfg 2005/06/01 v1.0 microtype config. file: AMS symbols (b) (RS)
)
LaTeX Font Info:    Font shape `U/msb/m/n' will be
(Font)              scaled to size 9.3942pt on input line 61.
LaTeX Font Info:    Font shape `U/msb/m/n' will be
(Font)              scaled to size 7.4166pt on input line 61.
 [2]
LaTeX Font Info:    Calculating math sizes for size <13> on input line 61.
LaTeX Font Info:    Font shape `U/msa/m/n' will be
(Font)              scaled to size 13.5461pt on input line 61.
LaTeX Font Info:    Font shape `U/msa/m/n' will be
(Font)              scaled to size 10.29495pt on input line 61.
LaTeX Font Info:    Font shape `U/msa/m/n' will be
(Font)              scaled to size 8.12773pt on input line 61.
LaTeX Font Info:    Font shape `U/msb/m/n' will be
(Font)              scaled to size 13.5461pt on input line 61.
LaTeX Font Info:    Font shape `U/msb/m/n' will be
(Font)              scaled to size 10.29495pt on input line 61.
LaTeX Font Info:    Font shape `U/msb/m/n' will be
(Font)              scaled to size 8.12773pt on input line 61.
Package tocbasic Info: character protrusion at toc deactivated on input line 61
.
 (./main.toc
Package microtype Info: Character `029' is missing
(microtype)             in font `T1/pplj/m/sc/13'.
(microtype)             Ignoring protrusion settings for this character.

Overfull \hbox (22.59706pt too wide) in paragraph at lines 10--10
 [][] []\T1/pplj/m/n/13 (-20) Construction of the re-ac-tion net-work []  
 []


Overfull \hbox (22.56589pt too wide) in paragraph at lines 17--17
 [][] []\T1/pplj/m/n/13 (-20) Implementing the Ob-jec-tive func-tion []  
 []


Overfull \hbox (14.22278pt too wide) in paragraph at lines 25--25
 [][] []\T1/pplj/m/n/13 (-20) On the range of the con-cen-tra-tion vari-able []
  
 []

)
\tf@toc=\write7
\openout7 = `main.toc'.

 [3


] [4


] (./chapters/chapter0.tex
\blx@maxsegment@1=\count472
\blx@sectionciteorder@1=\count473
Package biblatex Info: Reference section=1 on input line 1.
Package biblatex Info: Setting label 'refsection:1' on input line 1.

Chapter 1.
LaTeX Font Info:    Trying to load font information for T1+cmss on input line 7
.
(/usr/share/texlive/texmf-dist/tex/latex/base/t1cmss.fd
File: t1cmss.fd 2023/04/13 v2.5m Standard LaTeX font definitions
)

LaTeX Font Warning: Font shape `T1/cmss/m/n' in size <13> not available
(Font)              size <12> substituted on input line 7.

Package microtype Info: Loading generic protrusion settings for font family
(microtype)             `cmss' (encoding: T1).
(microtype)             For optimal results, create family-specific settings.
(microtype)             See the microtype manual for details.

LaTeX Font Warning: Font shape `T1/cmss/m/sl' in size <13> not available
(Font)              size <12> substituted on input line 7.


Underfull \hbox (badness 10000) in paragraph at lines 7--8

 []

LaTeX Font Info:    Calculating math sizes for size <10.83347> on input line 32
.
LaTeX Font Info:    Font shape `U/msa/m/n' will be
(Font)              scaled to size 11.28854pt on input line 32.
LaTeX Font Info:    Font shape `U/msa/m/n' will be
(Font)              scaled to size 8.57922pt on input line 32.
LaTeX Font Info:    Font shape `U/msa/m/n' will be
(Font)              scaled to size 6.77318pt on input line 32.
LaTeX Font Info:    Font shape `U/msb/m/n' will be
(Font)              scaled to size 11.28854pt on input line 32.
LaTeX Font Info:    Font shape `U/msb/m/n' will be
(Font)              scaled to size 8.57922pt on input line 32.
LaTeX Font Info:    Font shape `U/msb/m/n' will be
(Font)              scaled to size 6.77318pt on input line 32.
<graphics/chapter1/hyperedge.pdf, id=102, 108.11893pt x 51.21333pt>
File: graphics/chapter1/hyperedge.pdf Graphic file (type pdf)
<use graphics/chapter1/hyperedge.pdf>
Package pdftex.def Info: graphics/chapter1/hyperedge.pdf  used on input line 39
.
(pdftex.def)             Requested size: 162.17795pt x 76.8198pt.
<graphics/chapter1/hypergraph.pdf, id=103, 156.11021pt x 158.31145pt>
File: graphics/chapter1/hypergraph.pdf Graphic file (type pdf)
<use graphics/chapter1/hypergraph.pdf>
Package pdftex.def Info: graphics/chapter1/hypergraph.pdf  used on input line 4
9.
(pdftex.def)             Requested size: 234.16472pt x 237.46657pt.

LaTeX Warning: `!h' float specifier changed to `!ht'.


Overfull \hbox (1.31155pt too wide) in paragraph at lines 57--58
[]\T1/pplj/m/n/13 (-20) A chem-i-cal re-ac-tion net-work is for-mally well rep-
re-sented [[][]2[][]]
 []


Overfull \hbox (3.13162pt too wide) in paragraph at lines 59--63
[][] 
 []

[1


{/usr/share/texmf/fonts/enc/dvips/cm-super/cm-super-t1.enc}]

LaTeX Warning: Text page 2 contains only floats.


Overfull \vbox (4.62874pt too high) has occurred while \output is active []


[2 <./graphics/chapter1/hyperedge.pdf> <./graphics/chapter1/hypergraph.pdf>]
Overfull \hbox (31.97873pt too wide) in paragraph at lines 68--88
[] 
 []


Underfull \vbox (badness 10000) has occurred while \output is active []

Package microtype Info: Character `029' is missing
(microtype)             in font `T1/pplj/m/sc/11.86258'.
(microtype)             Ignoring protrusion settings for this character.
 [3]
LaTeX Font Info:    Trying to load font information for U+fplmbb on input line 
102.

(/usr/share/texlive/texmf-dist/tex/latex/psnfss/ufplmbb.fd
File: ufplmbb.fd 2003/10/30 Fontinst v1.914 font definitions for U/fplmbb.
)
<graphics/chapter1/flowQuery.pdf, id=178, 197.09735pt x 189.31628pt>
File: graphics/chapter1/flowQuery.pdf Graphic file (type pdf)
<use graphics/chapter1/flowQuery.pdf>
Package pdftex.def Info: graphics/chapter1/flowQuery.pdf  used on input line 10
7.
(pdftex.def)             Requested size: 295.6453pt x 283.97371pt.

Underfull \vbox (badness 3590) has occurred while \output is active []

 [4]
Underfull \vbox (badness 10000) has occurred while \output is active []

 [5 <./graphics/chapter1/flowQuery.pdf>]
Underfull \vbox (badness 10000) has occurred while \output is active []

 [6]
Overfull \hbox (10.26839pt too wide) in paragraph at lines 233--237
[]\T1/pplj/m/n/13 (-20) Then a \T1/pplj/m/it/13 (-20) search \T1/pplj/m/n/13 (-
20) for path-ways ful-fill-ing the spec-i-fi-ca-tion amounts
 []

[7]
<graphics/chapter1/hyperpath1.pdf, id=258, 197.09735pt x 189.31628pt>
File: graphics/chapter1/hyperpath1.pdf Graphic file (type pdf)
<use graphics/chapter1/hyperpath1.pdf>
Package pdftex.def Info: graphics/chapter1/hyperpath1.pdf  used on input line 2
43.
(pdftex.def)             Requested size: 161.27856pt x 154.91393pt.
<graphics/chapter1/hyperpath2.pdf, id=259, 197.09735pt x 189.31628pt>
File: graphics/chapter1/hyperpath2.pdf Graphic file (type pdf)
<use graphics/chapter1/hyperpath2.pdf>
Package pdftex.def Info: graphics/chapter1/hyperpath2.pdf  used on input line 2
50.
(pdftex.def)             Requested size: 161.27856pt x 154.91393pt.
<graphics/chapter1/hyperpath3.pdf, id=260, 197.09735pt x 197.09735pt>
File: graphics/chapter1/hyperpath3.pdf Graphic file (type pdf)
<use graphics/chapter1/hyperpath3.pdf>
Package pdftex.def Info: graphics/chapter1/hyperpath3.pdf  used on input line 2
58.
(pdftex.def)             Requested size: 161.27856pt x 161.28102pt.
<graphics/chapter1/hyperpath4.pdf, id=261, 197.09735pt x 189.31628pt>
File: graphics/chapter1/hyperpath4.pdf Graphic file (type pdf)
<use graphics/chapter1/hyperpath4.pdf>
Package pdftex.def Info: graphics/chapter1/hyperpath4.pdf  used on input line 2
65.
(pdftex.def)             Requested size: 161.27856pt x 154.91393pt.
<graphics/chapter1/hyperpath5.pdf, id=262, 197.09735pt x 189.31628pt>
File: graphics/chapter1/hyperpath5.pdf Graphic file (type pdf)
<use graphics/chapter1/hyperpath5.pdf>
Package pdftex.def Info: graphics/chapter1/hyperpath5.pdf  used on input line 2
73.
(pdftex.def)             Requested size: 161.27856pt x 154.91393pt.
<graphics/chapter1/hyperpath6.pdf, id=263, 197.09735pt x 189.31628pt>
File: graphics/chapter1/hyperpath6.pdf Graphic file (type pdf)
<use graphics/chapter1/hyperpath6.pdf>
Package pdftex.def Info: graphics/chapter1/hyperpath6.pdf  used on input line 2
80.
(pdftex.def)             Requested size: 161.27856pt x 154.91393pt.


LaTeX Warning: `!h' float specifier changed to `!ht'.

LaTeX Font Info:    Trying to load font information for T1+fvm on input line 29
5.
(/usr/share/texlive/texmf-dist/tex/latex/bera/t1fvm.fd
File: t1fvm.fd 2004/09/07 scalable font definitions for T1/fvm.
)
LaTeX Font Info:    Font shape `T1/fvm/m/n' will be
(Font)              scaled to size 11.05008pt on input line 295.
Package microtype Info: Loading generic protrusion settings for font family
(microtype)             `fvm' (encoding: T1).
(microtype)             For optimal results, create family-specific settings.
(microtype)             See the microtype manual for details.
Package biblatex Info: Reference section=0 on input line 300.
)
(./chapters/chapter1.tex
\blx@maxsegment@2=\count474
\blx@sectionciteorder@2=\count475
Package biblatex Info: Reference section=2 on input line 1.
Package biblatex Info: Setting label 'refsection:2' on input line 1.

Chapter 2.
[8] [9 <./graphics/chapter1/hyperpath1.pdf> <./graphics/chapter1/hyperpath2.pdf
> <./graphics/chapter1/hyperpath3.pdf> <./graphics/chapter1/hyperpath4.pdf> <./
graphics/chapter1/hyperpath5.pdf> <./graphics/chapter1/hyperpath6.pdf>]
[10


]
Underfull \hbox (badness 10000) in paragraph at lines 7--8

 []


Underfull \hbox (badness 10000) in paragraph at lines 9--10

 []

LaTeX Font Info:    Calculating math sizes for size <6.5> on input line 13.
LaTeX Font Info:    Font shape `U/msa/m/n' will be
(Font)              scaled to size 6.77304pt on input line 13.
LaTeX Font Info:    Font shape `U/msa/m/n' will be
(Font)              scaled to size 5.14746pt on input line 13.
LaTeX Font Info:    Font shape `U/msa/m/n' will be
(Font)              scaled to size 4.06386pt on input line 13.
LaTeX Font Info:    Font shape `U/msb/m/n' will be
(Font)              scaled to size 6.77304pt on input line 13.
LaTeX Font Info:    Font shape `U/msb/m/n' will be
(Font)              scaled to size 5.14746pt on input line 13.
LaTeX Font Info:    Font shape `U/msb/m/n' will be
(Font)              scaled to size 4.06386pt on input line 13.

Overfull \hbox (18.0682pt too wide) in paragraph at lines 40--41
[]\T1/pplj/m/n/13 (-20) This ob-ject is called an hy-per-edge and the in-di-vid
-ual molecules
 []

[11] [12]
<graphics/chapter1/sample_network.pdf, id=491, 234.98991pt x 149.63103pt>
File: graphics/chapter1/sample_network.pdf Graphic file (type pdf)
<use graphics/chapter1/sample_network.pdf>
Package pdftex.def Info: graphics/chapter1/sample_network.pdf  used on input li
ne 78.
(pdftex.def)             Requested size: 234.98933pt x 149.63065pt.
<graphics/chapter1/sample_path1.pdf, id=492, 259.01468pt x 150.3738pt>
File: graphics/chapter1/sample_path1.pdf Graphic file (type pdf)
<use graphics/chapter1/sample_path1.pdf>
Package pdftex.def Info: graphics/chapter1/sample_path1.pdf  used on input line
 102.
(pdftex.def)             Requested size: 259.01404pt x 150.37341pt.
 [13 <./graphics/chapter1/sample_network.pdf> <./graphics/chapter1/sample_path1
.pdf>]

LaTeX Warning: Reference `sec: discussions' on page 14 undefined on input line 
119.

<graphics/chapter1/sample_path2.pdf, id=561, 259.01468pt x 150.3738pt>
File: graphics/chapter1/sample_path2.pdf Graphic file (type pdf)
<use graphics/chapter1/sample_path2.pdf>
Package pdftex.def Info: graphics/chapter1/sample_path2.pdf  used on input line
 125.
(pdftex.def)             Requested size: 259.01404pt x 150.37341pt.

Underfull \vbox (badness 10000) has occurred while \output is active []

 [14]
Underfull \vbox (badness 10000) has occurred while \output is active []

 [15 <./graphics/chapter1/sample_path2.pdf>]
LaTeX Font Info:    Trying to load font information for TS1+pplj on input line 
139.

(/usr/share/texlive/texmf-dist/tex/latex/psnfss/ts1pplj.fd
File: ts1pplj.fd 2004/09/06 font definitions for TS1/pplj.
)
Underfull \vbox (badness 10000) has occurred while \output is active []

 [16]
[17] [18] [19]
<graphics/chapter1/rule_app1.pdf, id=625, 249.03038pt x 150.07266pt>
File: graphics/chapter1/rule_app1.pdf Graphic file (type pdf)
<use graphics/chapter1/rule_app1.pdf>
Package pdftex.def Info: graphics/chapter1/rule_app1.pdf  used on input line 36
8.
(pdftex.def)             Requested size: 336.0pt x 202.5069pt.
<graphics/chapter1/rule_app2.pdf, id=626, 249.03038pt x 152.9183pt>
File: graphics/chapter1/rule_app2.pdf Graphic file (type pdf)
<use graphics/chapter1/rule_app2.pdf>
Package pdftex.def Info: graphics/chapter1/rule_app2.pdf  used on input line 37
3.
(pdftex.def)             Requested size: 336.0pt x 206.34679pt.


LaTeX Warning: `h' float specifier changed to `ht'.


Underfull \vbox (badness 10000) has occurred while \output is active []

 [20 <./graphics/chapter1/rule_app1.pdf> <./graphics/chapter1/rule_app2.pdf>]
<graphics/chapter1/recurse1.pdf, id=660, 305.4371pt x 555.12393pt>
File: graphics/chapter1/recurse1.pdf Graphic file (type pdf)
<use graphics/chapter1/recurse1.pdf>
Package pdftex.def Info: graphics/chapter1/recurse1.pdf  used on input line 432
.
(pdftex.def)             Requested size: 91.63182pt x 166.53845pt.


pdfTeX warning: pdflatex (file ./graphics/chapter1/recurse2.pdf): PDF inclusion
: found PDF version <1.7>, but at most version <1.5> allowed
<graphics/chapter1/recurse2.pdf, id=661, 566.95818pt x 532.36893pt>
File: graphics/chapter1/recurse2.pdf Graphic file (type pdf)
<use graphics/chapter1/recurse2.pdf>
Package pdftex.def Info: graphics/chapter1/recurse2.pdf  used on input line 438
.
(pdftex.def)             Requested size: 226.77925pt x 212.94379pt.


pdfTeX warning: pdflatex (file ./graphics/chapter1/recurse3.pdf): PDF inclusion
: found PDF version <1.7>, but at most version <1.5> allowed
<graphics/chapter1/recurse3.pdf, id=662, 805.08781pt x 657.19527pt>
File: graphics/chapter1/recurse3.pdf Graphic file (type pdf)
<use graphics/chapter1/recurse3.pdf>
Package pdftex.def Info: graphics/chapter1/recurse3.pdf  used on input line 446
.
(pdftex.def)             Requested size: 336.0pt x 274.2853pt.

Underfull \vbox (badness 10000) has occurred while \output is active []

 [21]
[22 <./graphics/chapter1/recurse1.pdf> <./graphics/chapter1/recurse2.pdf>]
[23 <./graphics/chapter1/recurse3.pdf>]
<graphics/chapter1/recurse4.pdf, id=1536, 1528.71124pt x 1105.12875pt>
File: graphics/chapter1/recurse4.pdf Graphic file (type pdf)
<use graphics/chapter1/recurse4.pdf>
Package pdftex.def Info: graphics/chapter1/recurse4.pdf  used on input line 458
.
(pdftex.def)             Requested size: 336.0pt x 242.89299pt.

Underfull \vbox (badness 10000) has occurred while \output is active []

 [24]
[25 <./graphics/chapter1/recurse4.pdf>]
<graphics/chapter1/example_network.pdf, id=2119, 191.72026pt x 106.35735pt>
File: graphics/chapter1/example_network.pdf Graphic file (type pdf)
<use graphics/chapter1/example_network.pdf>
Package pdftex.def Info: graphics/chapter1/example_network.pdf  used on input l
ine 476.
(pdftex.def)             Requested size: 191.71979pt x 106.35707pt.
<graphics/chapter1/example_flux.pdf, id=2120, 193.72375pt x 130.4875pt>
File: graphics/chapter1/example_flux.pdf Graphic file (type pdf)
<use graphics/chapter1/example_flux.pdf>
Package pdftex.def Info: graphics/chapter1/example_flux.pdf  used on input line
 484.
(pdftex.def)             Requested size: 193.72327pt x 130.48717pt.
<graphics/chapter1/example_flow.pdf, id=2121, 193.38048pt x 130.30281pt>
File: graphics/chapter1/example_flow.pdf Graphic file (type pdf)
<use graphics/chapter1/example_flow.pdf>
Package pdftex.def Info: graphics/chapter1/example_flow.pdf  used on input line
 492.
(pdftex.def)             Requested size: 193.37999pt x 130.30247pt.
 [26] [27 <./graphics/chapter1/example_network.pdf> <./graphics/chapter1/exampl
e_flux.pdf> <./graphics/chapter1/example_flow.pdf>]
Overfull \hbox (22.69998pt too wide) in paragraph at lines 520--520
\T1/fvm/m/n/13 github . io / cobratoolbox / stable / tutorials / tutorial _
 []

Package biblatex Info: Reference section=0 on input line 522.
) (./chapters/chapter2.tex
\blx@maxsegment@3=\count476
\blx@sectionciteorder@3=\count477
Package biblatex Info: Reference section=3 on input line 1.
Package biblatex Info: Setting label 'refsection:3' on input line 1.

Chapter 3.
[28]
Underfull \hbox (badness 10000) in paragraph at lines 8--9

 []

<graphics/chapter2/heatEngine.pdf, id=2174, 87.13052pt x 101.35767pt>
File: graphics/chapter2/heatEngine.pdf Graphic file (type pdf)
<use graphics/chapter2/heatEngine.pdf>
Package pdftex.def Info: graphics/chapter2/heatEngine.pdf  used on input line 1
7.
(pdftex.def)             Requested size: 181.44061pt x 211.07877pt.
<graphics/chapter2/heatPathway.pdf, id=2175, 105.01233pt x 92.65515pt>
File: graphics/chapter2/heatPathway.pdf Graphic file (type pdf)
<use graphics/chapter2/heatPathway.pdf>
Package pdftex.def Info: graphics/chapter2/heatPathway.pdf  used on input line 
25.
(pdftex.def)             Requested size: 181.44061pt x 160.10738pt.

Underfull \vbox (badness 10000) has occurred while \output is active []

 [29


]

LaTeX Warning: Text page 30 contains only floats.

[30 <./graphics/chapter2/heatEngine.pdf> <./graphics/chapter2/heatPathway.pdf>]
<graphics/chapter2/thermPathway.pdf, id=2212, 137.61311pt x 64.81917pt>
File: graphics/chapter2/thermPathway.pdf Graphic file (type pdf)
<use graphics/chapter2/thermPathway.pdf>
Package pdftex.def Info: graphics/chapter2/thermPathway.pdf  used on input line
 59.
(pdftex.def)             Requested size: 302.39795pt x 142.4562pt.
<graphics/chapter2/thermConstraints.pdf, id=2213, 160.23363pt x 171.41641pt>
File: graphics/chapter2/thermConstraints.pdf Graphic file (type pdf)
<use graphics/chapter2/thermConstraints.pdf>
Package pdftex.def Info: graphics/chapter2/thermConstraints.pdf  used on input 
line 67.
(pdftex.def)             Requested size: 181.44061pt x 194.11937pt.

Underfull \vbox (badness 10000) has occurred while \output is active []

 [31]
<graphics/chapter2/flowConv1.pdf, id=2218, 125.54805pt x 69.27481pt>
File: graphics/chapter2/flowConv1.pdf Graphic file (type pdf)
<use graphics/chapter2/flowConv1.pdf>
Package pdftex.def Info: graphics/chapter2/flowConv1.pdf  used on input line 83
.
(pdftex.def)             Requested size: 134.39795pt x 74.15817pt.
<graphics/chapter2/flowConv4.pdf, id=2219, 125.54805pt x 44.89372pt>
File: graphics/chapter2/flowConv4.pdf Graphic file (type pdf)
<use graphics/chapter2/flowConv4.pdf>
Package pdftex.def Info: graphics/chapter2/flowConv4.pdf  used on input line 90
.
(pdftex.def)             Requested size: 134.39795pt x 48.0584pt.
<graphics/chapter2/flowConv2.pdf, id=2220, 123.01257pt x 69.27481pt>
File: graphics/chapter2/flowConv2.pdf Graphic file (type pdf)
<use graphics/chapter2/flowConv2.pdf>
Package pdftex.def Info: graphics/chapter2/flowConv2.pdf  used on input line 98
.
(pdftex.def)             Requested size: 134.39795pt x 75.69301pt.
<graphics/chapter2/flowConv3.pdf, id=2221, 123.01257pt x 66.97421pt>
File: graphics/chapter2/flowConv3.pdf Graphic file (type pdf)
<use graphics/chapter2/flowConv3.pdf>
Package pdftex.def Info: graphics/chapter2/flowConv3.pdf  used on input line 10
5.
(pdftex.def)             Requested size: 134.39795pt x 73.17928pt.

[32
pdfTeX warning (ext4): destination with the same identifier (name{equation.3.1.
3}) has been already used, duplicate ignored
<argument> ...shipout:D \box_use:N \l_shipout_box 
                                                  \__shipout_drop_firstpage_...
l.138 
      ]

LaTeX Warning: Text page 33 contains only floats.

[33 <./graphics/chapter2/thermPathway.pdf> <./graphics/chapter2/thermConstraint
s.pdf>]
LaTeX Font Info:    Calculating math sizes for size <8.66673> on input line 142
.
LaTeX Font Info:    Font shape `U/msa/m/n' will be
(Font)              scaled to size 9.03079pt on input line 142.
LaTeX Font Info:    Font shape `U/msa/m/n' will be
(Font)              scaled to size 6.86334pt on input line 142.
LaTeX Font Info:    Font shape `U/msa/m/n' will be
(Font)              scaled to size 5.41852pt on input line 142.
LaTeX Font Info:    Font shape `U/msb/m/n' will be
(Font)              scaled to size 9.03079pt on input line 142.
LaTeX Font Info:    Font shape `U/msb/m/n' will be
(Font)              scaled to size 6.86334pt on input line 142.
LaTeX Font Info:    Font shape `U/msb/m/n' will be
(Font)              scaled to size 5.41852pt on input line 142.
 [34 <./graphics/chapter2/flowConv1.pdf> <./graphics/chapter2/flowConv4.pdf> <.
/graphics/chapter2/flowConv2.pdf> <./graphics/chapter2/flowConv3.pdf>]
<graphics/chapter2/thermoConstraint.pdf, id=2346, 224.24478pt x 134.29672pt>
File: graphics/chapter2/thermoConstraint.pdf Graphic file (type pdf)
<use graphics/chapter2/thermoConstraint.pdf>
Package pdftex.def Info: graphics/chapter2/thermoConstraint.pdf  used on input 
line 172.
(pdftex.def)             Requested size: 268.80103pt x 160.99745pt.


LaTeX Warning: `!h' float specifier changed to `!ht'.


Underfull \vbox (badness 1199) has occurred while \output is active []

 [35]
[36 <./graphics/chapter2/thermoConstraint.pdf>]
<graphics/chapter2/concTweak1.pdf, id=2397, 247.17645pt x 91.2489pt>
File: graphics/chapter2/concTweak1.pdf Graphic file (type pdf)
<use graphics/chapter2/concTweak1.pdf>
Package pdftex.def Info: graphics/chapter2/concTweak1.pdf  used on input line 2
09.
(pdftex.def)             Requested size: 336.0pt x 124.04811pt.
<graphics/chapter2/concTweak2.pdf, id=2398, 247.17645pt x 91.2489pt>
File: graphics/chapter2/concTweak2.pdf Graphic file (type pdf)
<use graphics/chapter2/concTweak2.pdf>
Package pdftex.def Info: graphics/chapter2/concTweak2.pdf  used on input line 2
17.
(pdftex.def)             Requested size: 336.0pt x 124.04811pt.
 [37 <./graphics/chapter2/concTweak1.pdf> <./graphics/chapter2/concTweak2.pdf>]

Underfull \vbox (badness 10000) has occurred while \output is active []

 [38]
[39] [40]
Underfull \vbox (badness 10000) has occurred while \output is active []

 [41]
Overfull \hbox (23.18767pt too wide) in paragraph at lines 309--315
\T1/pplj/m/n/13 (-20) ences in chem-i-cal po-ten-tials. For all re-ac-tions $\O
ML/zplm/m/it/13 e$\T1/pplj/m/n/13 (-20) , $[] []$,
 []


Overfull \hbox (2.26772pt too wide) in paragraph at lines 325--329
\T1/pplj/m/n/13 (-20) ables for all hy-per-edges in the hy-per-graph; $[] []$.
 []


Underfull \vbox (badness 4467) has occurred while \output is active []

 [42]
Underfull \vbox (badness 1521) has occurred while \output is active []

 [43]
Overfull \hbox (17.41881pt too wide) in paragraph at lines 400--423
 [][] 
 []

[44]
Overfull \hbox (9.38397pt too wide) in paragraph at lines 480--498
 [][] 
 []

[45]
Underfull \vbox (badness 10000) has occurred while \output is active []

 [46]
Underfull \vbox (badness 10000) has occurred while \output is active []

 [47]
[48]
Overfull \hbox (6.4362pt too wide) in paragraph at lines 553--553
\T1/pplj/m/n/13 (-20) Con-trol''. In: \T1/pplj/m/it/13 (-20) Phys. Rev. Lett. \
T1/pplj/m/n/13 (-20) 104 (9 Mar. 2010), p. 090602.
 []


Overfull \hbox (100.36266pt too wide) in paragraph at lines 553--553
\T1/fvm/m/n/13 paper _ files / paper / 2023 / file / a4ddb865e0a8ca3cca43fd7387
b4b0da -[]
 []


Overfull \hbox (7.58646pt too wide) in paragraph at lines 553--553
[]\T1/pplj/m/n/13 (-20) ``driving force''. In: (2025). \T1/pplj/m/sc/13 (-20) d
oi\T1/pplj/m/n/13 (-20) : [][]$\T1/fvm/m/n/13 doi : 10 . 1351 / goldbook .
 []

[49]
Overfull \hbox (3.4957pt too wide) in paragraph at lines 553--553
\T1/pplj/m/n/13 (-20) Chem-i-cally In-spired Graph Trans-for-ma-tion''. In: \T1
/pplj/m/it/13 (-20) Graph
 []

[50]
Overfull \hbox (5.17795pt too wide) in paragraph at lines 553--553
\T1/fvm/m/n/13 1002 / jcc . 26734$[][]\T1/pplj/m/n/13 (-20) . \T1/pplj/m/sc/13 
(-20) url\T1/pplj/m/n/13 (-20) : [][]$\T1/fvm/m/n/13 https : / / onlinelibrary 
. wiley .
 []

[51] [52]
Package biblatex Info: Reference section=0 on input line 555.
) (./chapters/chapter3.tex
\blx@maxsegment@4=\count478
\blx@sectionciteorder@4=\count479
Package biblatex Info: Reference section=4 on input line 1.
Package biblatex Info: Setting label 'refsection:4' on input line 1.

Chapter 4.
[53] [54


]
Underfull \hbox (badness 10000) in paragraph at lines 8--9

 []

<graphics/chapter3/molGraphs.pdf, id=2833, 170.06535pt x 38.5179pt>
File: graphics/chapter3/molGraphs.pdf Graphic file (type pdf)
<use graphics/chapter3/molGraphs.pdf>
Package pdftex.def Info: graphics/chapter3/molGraphs.pdf  used on input line 21
.
(pdftex.def)             Requested size: 272.10492pt x 61.6287pt.
<graphics/chapter3/rule0.pdf, id=2834, 80.99258pt x 53.53601pt>
File: graphics/chapter3/rule0.pdf Graphic file (type pdf)
<use graphics/chapter3/rule0.pdf>
Package pdftex.def Info: graphics/chapter3/rule0.pdf  used on input line 31.
(pdftex.def)             Requested size: 121.48856pt x 80.30379pt.
LaTeX Font Info:    Font shape `T1/fvm/m/n' will be
(Font)              scaled to size 9.20851pt on input line 32.
<graphics/chapter3/rule1.pdf, id=2835, 80.99258pt x 52.37668pt>
File: graphics/chapter3/rule1.pdf Graphic file (type pdf)
<use graphics/chapter3/rule1.pdf>
Package pdftex.def Info: graphics/chapter3/rule1.pdf  used on input line 39.
(pdftex.def)             Requested size: 121.48856pt x 78.56479pt.
<graphics/chapter3/rule2.pdf, id=2836, 106.64243pt x 34.83916pt>
File: graphics/chapter3/rule2.pdf Graphic file (type pdf)
<use graphics/chapter3/rule2.pdf>
Package pdftex.def Info: graphics/chapter3/rule2.pdf  used on input line 47.
(pdftex.def)             Requested size: 159.96323pt x 52.25859pt.
<graphics/chapter3/rule3.pdf, id=2837, 113.47293pt x 40.688pt>
File: graphics/chapter3/rule3.pdf Graphic file (type pdf)
<use graphics/chapter3/rule3.pdf>
Package pdftex.def Info: graphics/chapter3/rule3.pdf  used on input line 55.
(pdftex.def)             Requested size: 170.20895pt x 61.03185pt.
<graphics/chapter3/reactionNetworkChapter3.png, id=2838, 467.7475pt x 499.8675p
t>
File: graphics/chapter3/reactionNetworkChapter3.png Graphic file (type png)
<use graphics/chapter3/reactionNetworkChapter3.png>
Package pdftex.def Info: graphics/chapter3/reactionNetworkChapter3.png  used on
 input line 67.
(pdftex.def)             Requested size: 268.80103pt x 287.26903pt.

LaTeX Warning: `!h' float specifier changed to `!ht'.


Underfull \vbox (badness 10000) has occurred while \output is active []

 [55]
<graphics/chapter3/compCostCC.pdf, id=2852, 265.61034pt x 150.40791pt>
File: graphics/chapter3/compCostCC.pdf Graphic file (type pdf)
<use graphics/chapter3/compCostCC.pdf>
Package pdftex.def Info: graphics/chapter3/compCostCC.pdf  used on input line 8
2.
(pdftex.def)             Requested size: 268.80103pt x 152.22292pt.

Underfull \vbox (badness 10000) has occurred while \output is active []

 [56 <./graphics/chapter3/molGraphs.pdf>]

LaTeX Warning: Text page 57 contains only floats.

[57 <./graphics/chapter3/rule0.pdf> <./graphics/chapter3/rule1.pdf> <./graphics
/chapter3/rule2.pdf> <./graphics/chapter3/rule3.pdf>]
<graphics/chapter3/epsPrinciple.pdf, id=2927, 153.04979pt x 131.8225pt>
File: graphics/chapter3/epsPrinciple.pdf Graphic file (type pdf)
<use graphics/chapter3/epsPrinciple.pdf>
Package pdftex.def Info: graphics/chapter3/epsPrinciple.pdf  used on input line
 95.
(pdftex.def)             Requested size: 268.80103pt x 231.54564pt.
 [58 <./graphics/chapter3/reactionNetworkChapter3.png>]

LaTeX Warning: Text page 59 contains only floats.

[59 <./graphics/chapter3/compCostCC.pdf> <./graphics/chapter3/epsPrinciple.pdf>
]
Underfull \vbox (badness 10000) has occurred while \output is active []

 [60]
<graphics/chapter3/thermOracle.pdf, id=2995, 331.36998pt x 171.18153pt>
File: graphics/chapter3/thermOracle.pdf Graphic file (type pdf)
<use graphics/chapter3/thermOracle.pdf>
Package pdftex.def Info: graphics/chapter3/thermOracle.pdf  used on input line 
116.
(pdftex.def)             Requested size: 403.19897pt x 208.30307pt.

Overfull \hbox (67.19897pt too wide) in paragraph at lines 116--118
 [][] 
 []

[61 <./graphics/chapter3/thermOracle.pdf>]
<graphics/chapter3/sampleConformer.pdf, id=3039, 258.02498pt x 191.44023pt>
File: graphics/chapter3/sampleConformer.pdf Graphic file (type pdf)
<use graphics/chapter3/sampleConformer.pdf>
Package pdftex.def Info: graphics/chapter3/sampleConformer.pdf  used on input l
ine 132.
(pdftex.def)             Requested size: 302.39795pt x 224.38144pt.
LaTeX Font Info:    Font shape `T1/fvm/m/n' will be
(Font)              scaled to size 10.08325pt on input line 134.

Underfull \vbox (badness 10000) has occurred while \output is active []

 [62 <./graphics/chapter3/sampleConformer.pdf>]
Underfull \vbox (badness 10000) has occurred while \output is active []

 [63]
[64]
<graphics/chapter3/queryPathway.pdf, id=3072, 277.57301pt x 111.11311pt>
File: graphics/chapter3/queryPathway.pdf Graphic file (type pdf)
<use graphics/chapter3/queryPathway.pdf>
Package pdftex.def Info: graphics/chapter3/queryPathway.pdf  used on input line
 167.
(pdftex.def)             Requested size: 336.0pt x 134.50491pt.
<graphics/chapter3/pathway1.pdf, id=3075, 204.75597pt x 233.70512pt>
File: graphics/chapter3/pathway1.pdf Graphic file (type pdf)
<use graphics/chapter3/pathway1.pdf>
Package pdftex.def Info: graphics/chapter3/pathway1.pdf  used on input line 176
.
(pdftex.def)             Requested size: 336.0pt x 383.51422pt.
 [65 <./graphics/chapter3/queryPathway.pdf>] [66 <./graphics/chapter3/pathway1.
pdf>]

LaTeX Warning: `!h' float specifier changed to `!ht'.


LaTeX Warning: `!h' float specifier changed to `!ht'.


Underfull \vbox (badness 10000) has occurred while \output is active []

 [67

]

LaTeX Warning: Text page 68 contains only floats.

[68]
<graphics/chapter3/pathway2.pdf, id=3153, 178.35233pt x 247.93127pt>
File: graphics/chapter3/pathway2.pdf Graphic file (type pdf)
<use graphics/chapter3/pathway2.pdf>
Package pdftex.def Info: graphics/chapter3/pathway2.pdf  used on input line 288
.
(pdftex.def)             Requested size: 336.0pt x 467.09822pt.


LaTeX Warning: Float too large for page by 1.73181pt on input line 292.

[69] [70 <./graphics/chapter3/pathway2.pdf>]
<graphics/chapter3/symAdd.pdf, id=3187, 306.2903pt x 43.72435pt>
File: graphics/chapter3/symAdd.pdf Graphic file (type pdf)
<use graphics/chapter3/symAdd.pdf>
Package pdftex.def Info: graphics/chapter3/symAdd.pdf  used on input line 301.
(pdftex.def)             Requested size: 336.0pt x 47.96681pt.

Underfull \vbox (badness 2376) has occurred while \output is active []

 [71

 <./graphics/chapter3/symAdd.pdf>]
<graphics/chapter3/stepAdd.pdf, id=3212, 306.2903pt x 43.72435pt>
File: graphics/chapter3/stepAdd.pdf Graphic file (type pdf)
<use graphics/chapter3/stepAdd.pdf>
Package pdftex.def Info: graphics/chapter3/stepAdd.pdf  used on input line 323.

(pdftex.def)             Requested size: 336.0pt x 47.96681pt.
<graphics/chapter3/rxnList.pdf, id=3217, 326.72163pt x 466.54pt>
File: graphics/chapter3/rxnList.pdf Graphic file (type pdf)
<use graphics/chapter3/rxnList.pdf>
Package pdftex.def Info: graphics/chapter3/rxnList.pdf  used on input line 338.

(pdftex.def)             Requested size: 336.0pt x 479.78696pt.


LaTeX Warning: `!h' float specifier changed to `!ht'.


Underfull \vbox (badness 10000) has occurred while \output is active []

 [72 <./graphics/chapter3/stepAdd.pdf>] [73 <./graphics/chapter3/rxnList.pdf>] 
[74]
Overfull \hbox (46.42232pt too wide) in paragraph at lines 373--373
\T1/fvm/m/n/13 physchem -[] 042018 -[] 052331$[][]\T1/pplj/m/n/13 (-20) . \T1/p
plj/m/sc/13 (-20) url\T1/pplj/m/n/13 (-20) : [][]$\T1/fvm/m/n/13 https : / / ww
w . annualreviews .
 []


Overfull \hbox (1.08047pt too wide) in paragraph at lines 373--373
\T1/fvm/m/n/13 org / content / journals / 10 . 1146 / annurev -[] physchem -[]
 []


Overfull \hbox (6.32932pt too wide) in paragraph at lines 373--373
[]\T1/pplj/m/n/13 (-20) Obaidur Ra-haman and Alessio Gagliardi. ``Deep Learn-
 []


Overfull \hbox (17.05368pt too wide) in paragraph at lines 373--373
\T1/pplj/m/n/13 (-20) SMILES Rep-re-sen-ta-tion of the QM9 Quantum-Chemistry
 []

[75] [76]
Overfull \hbox (41.99342pt too wide) in paragraph at lines 373--373
[][]$\T1/fvm/m/n/13 https : / / github . com / AdittyaPal / thermodynamicsWithI
LP /
 []


Overfull \hbox (2.08055pt too wide) in paragraph at lines 373--373
\T1/fvm/m/n/13 blob / 5f7aed70fe8706bbe0ffc2efedd68316d44e0f42 /
 []

Package biblatex Info: Reference section=0 on input line 375.
) (./chapters/chapter4.tex
\blx@maxsegment@5=\count480
\blx@sectionciteorder@5=\count481
Package biblatex Info: Reference section=5 on input line 1.
Package biblatex Info: Setting label 'refsection:5' on input line 1.

Chapter 5.
[77] [78


]
Underfull \hbox (badness 10000) in paragraph at lines 8--9

 []

[79]
<graphics/chapter4/case1.pdf, id=3376, 391.23766pt x 135.28743pt>
File: graphics/chapter4/case1.pdf Graphic file (type pdf)
<use graphics/chapter4/case1.pdf>
Package pdftex.def Info: graphics/chapter4/case1.pdf  used on input line 21.
(pdftex.def)             Requested size: 268.80103pt x 92.95206pt.
<graphics/chapter4/case2.pdf, id=3377, 391.23766pt x 135.28743pt>
File: graphics/chapter4/case2.pdf Graphic file (type pdf)
<use graphics/chapter4/case2.pdf>
Package pdftex.def Info: graphics/chapter4/case2.pdf  used on input line 28.
(pdftex.def)             Requested size: 268.80103pt x 92.95206pt.
<graphics/chapter4/case3.pdf, id=3378, 391.23766pt x 135.28743pt>
File: graphics/chapter4/case3.pdf Graphic file (type pdf)
<use graphics/chapter4/case3.pdf>
Package pdftex.def Info: graphics/chapter4/case3.pdf  used on input line 35.
(pdftex.def)             Requested size: 268.80103pt x 92.95206pt.
<graphics/chapter4/case4.pdf, id=3379, 391.23766pt x 135.28743pt>
File: graphics/chapter4/case4.pdf Graphic file (type pdf)
<use graphics/chapter4/case4.pdf>
Package pdftex.def Info: graphics/chapter4/case4.pdf  used on input line 42.
(pdftex.def)             Requested size: 268.80103pt x 92.95206pt.
 [80 <./graphics/chapter4/case1.pdf> <./graphics/chapter4/case2.pdf> <./graphic
s/chapter4/case3.pdf> <./graphics/chapter4/case4.pdf>] [81]
Underfull \vbox (badness 10000) has occurred while \output is active []

 [82]
<graphics/chapter4/twoReactions.pdf, id=3470, 391.23766pt x 135.28743pt>
File: graphics/chapter4/twoReactions.pdf Graphic file (type pdf)
<use graphics/chapter4/twoReactions.pdf>
Package pdftex.def Info: graphics/chapter4/twoReactions.pdf  used on input line
 91.
(pdftex.def)             Requested size: 302.39795pt x 104.57004pt.
<graphics/chapter4/twoReactionsNumberDensity.pdf, id=3471, 388.47034pt x 169.54
341pt>
File: graphics/chapter4/twoReactionsNumberDensity.pdf Graphic file (type pdf)
<use graphics/chapter4/twoReactionsNumberDensity.pdf>
Package pdftex.def Info: graphics/chapter4/twoReactionsNumberDensity.pdf  used 
on input line 99.
(pdftex.def)             Requested size: 302.39795pt x 131.97685pt.

[83 <./graphics/chapter4/twoReactions.pdf> <./graphics/chapter4/twoReactionsNum
berDensity.pdf>]
<graphics/chapter4/objFunc1.pdf, id=3507, 481.75684pt x 100.94914pt>
File: graphics/chapter4/objFunc1.pdf Graphic file (type pdf)
<use graphics/chapter4/objFunc1.pdf>
Package pdftex.def Info: graphics/chapter4/objFunc1.pdf  used on input line 115
.
(pdftex.def)             Requested size: 289.05632pt x 60.56993pt.
<graphics/chapter4/objFunc2.pdf, id=3508, 481.75684pt x 83.87737pt>
File: graphics/chapter4/objFunc2.pdf Graphic file (type pdf)
<use graphics/chapter4/objFunc2.pdf>
Package pdftex.def Info: graphics/chapter4/objFunc2.pdf  used on input line 122
.
(pdftex.def)             Requested size: 289.05632pt x 50.3268pt.
<graphics/chapter4/objFunc3.pdf, id=3509, 588.45444pt x 100.94914pt>
File: graphics/chapter4/objFunc3.pdf Graphic file (type pdf)
<use graphics/chapter4/objFunc3.pdf>
Package pdftex.def Info: graphics/chapter4/objFunc3.pdf  used on input line 129
.
(pdftex.def)             Requested size: 353.07538pt x 60.56993pt.

Overfull \hbox (17.07538pt too wide) in paragraph at lines 129--130
[][] 
 []


Overfull \hbox (14.71666pt too wide) in paragraph at lines 137--138
\T1/pplj/m/n/13 (-20) We are in-ter-ested in path-ways from the given source mo
lecules
 []

[84 <./graphics/chapter4/objFunc1.pdf> <./graphics/chapter4/objFunc2.pdf> <./gr
aphics/chapter4/objFunc3.pdf>] [85]
Underfull \vbox (badness 10000) has occurred while \output is active []

 [86]

LaTeX Warning: `!h' float specifier changed to `!ht'.

[87] [88]
<graphics/chapter4/null_cycle.pdf, id=3606, 156.2347pt x 108.11893pt>
File: graphics/chapter4/null_cycle.pdf Graphic file (type pdf)
<use graphics/chapter4/null_cycle.pdf>
Package pdftex.def Info: graphics/chapter4/null_cycle.pdf  used on input line 2
50.
(pdftex.def)             Requested size: 234.35144pt x 162.17795pt.

Underfull \vbox (badness 10000) has occurred while \output is active []

 [89 <./graphics/chapter4/null_cycle.pdf>]
<graphics/chapter4/subset1.pdf, id=3644, 128.52417pt x 108.11893pt>
File: graphics/chapter4/subset1.pdf Graphic file (type pdf)
<use graphics/chapter4/subset1.pdf>
Package pdftex.def Info: graphics/chapter4/subset1.pdf  used on input line 269.

(pdftex.def)             Requested size: 179.9326pt x 151.36542pt.
<graphics/chapter4/subset2.pdf, id=3645, 128.52417pt x 108.11893pt>
File: graphics/chapter4/subset2.pdf Graphic file (type pdf)
<use graphics/chapter4/subset2.pdf>
Package pdftex.def Info: graphics/chapter4/subset2.pdf  used on input line 277.

(pdftex.def)             Requested size: 179.9326pt x 151.36542pt.
<graphics/chapter4/overlap.pdf, id=3646, 128.52417pt x 108.11893pt>
File: graphics/chapter4/overlap.pdf Graphic file (type pdf)
<use graphics/chapter4/overlap.pdf>
Package pdftex.def Info: graphics/chapter4/overlap.pdf  used on input line 285.

(pdftex.def)             Requested size: 179.9326pt x 151.36542pt.


LaTeX Warning: `!h' float specifier changed to `!ht'.


pdfTeX warning (ext4): destination with the same identifier (name{equation.5.3.
25}) has been already used, duplicate ignored
<to be read again> 
                   \relax 
l.308 \begin{equation}
                      
pdfTeX warning (ext4): destination with the same identifier (name{equation.5.3.
25}) has been already used, duplicate ignored
<to be read again> 
                   \relax 
l.308 \begin{equation}
                      
pdfTeX warning (ext4): destination with the same identifier (name{equation.5.3.
25}) has been already used, duplicate ignored
<to be read again> 
                   \relax 
l.308 \begin{equation}
                      
pdfTeX warning (ext4): destination with the same identifier (name{equation.5.3.
25}) has been already used, duplicate ignored
<to be read again> 
                   \relax 
l.308 \begin{equation}
                       [90]

LaTeX Warning: Text page 91 contains only floats.


Overfull \vbox (4.14442pt too high) has occurred while \output is active []


[91 <./graphics/chapter4/subset1.pdf> <./graphics/chapter4/subset2.pdf> <./grap
hics/chapter4/overlap.pdf>]
Underfull \vbox (badness 10000) has occurred while \output is active []

 [92]
<graphics/chapter4/selfLoop.pdf, id=3746, 177.3827pt x 79.66664pt>
File: graphics/chapter4/selfLoop.pdf Graphic file (type pdf)
<use graphics/chapter4/selfLoop.pdf>
Package pdftex.def Info: graphics/chapter4/selfLoop.pdf  used on input line 339
.
(pdftex.def)             Requested size: 266.0734pt x 119.49963pt.
<graphics/chapter4/pathway_tvAssign.pdf, id=3752, 83.73685pt x 176.99828pt>
File: graphics/chapter4/pathway_tvAssign.pdf Graphic file (type pdf)
<use graphics/chapter4/pathway_tvAssign.pdf>
Package pdftex.def Info: graphics/chapter4/pathway_tvAssign.pdf  used on input 
line 358.
(pdftex.def)             Requested size: 117.23077pt x 247.79588pt.

Overfull \hbox (6.35016pt too wide) in paragraph at lines 358--359
 [][] 
 []


LaTeX Warning: `!h' float specifier changed to `!ht'.

[93 <./graphics/chapter4/selfLoop.pdf>] [94 <./graphics/chapter4/pathway_tvAssi
gn.pdf>]
Underfull \vbox (badness 10000) has occurred while \output is active []

 [95]
Overfull \hbox (1.87671pt too wide) in paragraph at lines 410--410
\T1/pplj/m/it/13 (-20) istry: Ar-rhe-nius Equa-tion\T1/pplj/m/n/13 (-20) . 2025
. \T1/pplj/m/sc/13 (-20) doi\T1/pplj/m/n/13 (-20) : [][]$\T1/fvm/m/n/13 10 . 13
51 / goldbook .
 []

[96] [97] [98]
Package biblatex Info: Reference section=0 on input line 412.
) (./chapters/chapter5.tex
\blx@maxsegment@6=\count482
\blx@sectionciteorder@6=\count483
Package biblatex Info: Reference section=6 on input line 1.
Package biblatex Info: Setting label 'refsection:6' on input line 1.

Chapter 6.
[99] [100


]
Underfull \hbox (badness 10000) in paragraph at lines 16--17

 []


Underfull \vbox (badness 10000) has occurred while \output is active []

 [101]
<graphics/chapter5/rule0.pdf, id=3933, 80.99258pt x 53.53601pt>
File: graphics/chapter5/rule0.pdf Graphic file (type pdf)
<use graphics/chapter5/rule0.pdf>
Package pdftex.def Info: graphics/chapter5/rule0.pdf  used on input line 26.
(pdftex.def)             Requested size: 121.48856pt x 80.30379pt.
<graphics/chapter5/rule1.pdf, id=3934, 80.99258pt x 52.37668pt>
File: graphics/chapter5/rule1.pdf Graphic file (type pdf)
<use graphics/chapter5/rule1.pdf>
Package pdftex.def Info: graphics/chapter5/rule1.pdf  used on input line 34.
(pdftex.def)             Requested size: 121.48856pt x 78.56479pt.
<graphics/chapter5/rule2.pdf, id=3935, 106.64243pt x 34.83916pt>
File: graphics/chapter5/rule2.pdf Graphic file (type pdf)
<use graphics/chapter5/rule2.pdf>
Package pdftex.def Info: graphics/chapter5/rule2.pdf  used on input line 42.
(pdftex.def)             Requested size: 159.96323pt x 52.25859pt.
<graphics/chapter5/reactionNetworkChapter5.png, id=3936, 742.775pt x 716.6775pt
>
File: graphics/chapter5/reactionNetworkChapter5.png Graphic file (type png)
<use graphics/chapter5/reactionNetworkChapter5.png>
Package pdftex.def Info: graphics/chapter5/reactionNetworkChapter5.png  used on
 input line 54.
(pdftex.def)             Requested size: 268.80103pt x 259.35973pt.

[102 <./graphics/chapter5/rule0.pdf> <./graphics/chapter5/rule1.pdf> <./graphic
s/chapter5/rule2.pdf>]
<graphics/chapter5/glycine.pdf, id=3975, 68.4146pt x 35.9995pt>
File: graphics/chapter5/glycine.pdf Graphic file (type pdf)
<use graphics/chapter5/glycine.pdf>
Package pdftex.def Info: graphics/chapter5/glycine.pdf  used on input line 70.
(pdftex.def)             Requested size: 68.41441pt x 35.9994pt.
<graphics/chapter5/glycolic acid.pdf, id=3976, 72.76184pt x 35.9995pt>
File: graphics/chapter5/glycolic acid.pdf Graphic file (type pdf)
<use graphics/chapter5/glycolic acid.pdf>
Package pdftex.def Info: graphics/chapter5/glycolic acid.pdf  used on input lin
e 77.
(pdftex.def)             Requested size: 72.76166pt x 35.9994pt.

Underfull \vbox (badness 10000) has occurred while \output is active []

 [103 <./graphics/chapter5/reactionNetworkChapter5.png>]
Underfull \vbox (badness 10000) has occurred while \output is active []

 [104 <./graphics/chapter5/glycine.pdf> <./graphics/chapter5/glycolic acid.pdf>
]

pdfTeX warning: pdflatex (file ./graphics/chapter5/pathway1.pdf): PDF inclusion
: found PDF version <1.7>, but at most version <1.5> allowed
<graphics/chapter5/pathway1.pdf, id=4025, 441.01773pt x 170.71654pt>
File: graphics/chapter5/pathway1.pdf Graphic file (type pdf)
<use graphics/chapter5/pathway1.pdf>
Package pdftex.def Info: graphics/chapter5/pathway1.pdf  used on input line 107
.
(pdftex.def)             Requested size: 336.0pt x 130.06891pt.
<graphics/chapter5/bestPathway1.pdf, id=4026, 447.50285pt x 133.32109pt>
File: graphics/chapter5/bestPathway1.pdf Graphic file (type pdf)
<use graphics/chapter5/bestPathway1.pdf>
Package pdftex.def Info: graphics/chapter5/bestPathway1.pdf  used on input line
 109.
(pdftex.def)             Requested size: 336.0pt x 100.10042pt.
<graphics/chapter5/molStrucPathway1.png, id=4027, 679.53876pt x 644.4075pt>
File: graphics/chapter5/molStrucPathway1.png Graphic file (type png)
<use graphics/chapter5/molStrucPathway1.png>
Package pdftex.def Info: graphics/chapter5/molStrucPathway1.png  used on input 
line 119.
(pdftex.def)             Requested size: 203.8632pt x 193.32373pt.

LaTeX Warning: `!h' float specifier changed to `!ht'.


LaTeX Warning: `!h' float specifier changed to `!ht'.



pdfTeX warning: pdflatex (file ./graphics/chapter5/pathway2.pdf): PDF inclusion
: found PDF version <1.7>, but at most version <1.5> allowed
<graphics/chapter5/pathway2.pdf, id=4034, 323.56473pt x 115.97343pt>
File: graphics/chapter5/pathway2.pdf Graphic file (type pdf)
<use graphics/chapter5/pathway2.pdf>
Package pdftex.def Info: graphics/chapter5/pathway2.pdf  used on input line 193
.
(pdftex.def)             Requested size: 336.0pt x 120.43079pt.
<graphics/chapter5/molStrucPathway2.png, id=4039, 310.15875pt x 640.3925pt>
File: graphics/chapter5/molStrucPathway2.png Graphic file (type png)
<use graphics/chapter5/molStrucPathway2.png>
Package pdftex.def Info: graphics/chapter5/molStrucPathway2.png  used on input 
line 203.
(pdftex.def)             Requested size: 93.04834pt x 192.11923pt.

Underfull \vbox (badness 10000) has occurred while \output is active []

 [105]

LaTeX Warning: Text page 106 contains only floats.


Overfull \vbox (3.13391pt too high) has occurred while \output is active []


[106 <./graphics/chapter5/pathway1.pdf> <./graphics/chapter5/bestPathway1.pdf> 
<./graphics/chapter5/molStrucPathway1.png>]

LaTeX Warning: Text page 107 contains only floats.


Overfull \vbox (3.25684pt too high) has occurred while \output is active []


[107]

LaTeX Warning: Text page 108 contains only floats.


Underfull \vbox (badness 4168) has occurred while \output is active []

 [108]
[109 <./graphics/chapter5/pathway2.pdf> <./graphics/chapter5/molStrucPathway2.p
ng>] [110]
Package biblatex Info: Reference section=0 on input line 223.
) (./chapters/epilog.tex
\blx@maxsegment@7=\count484
\blx@sectionciteorder@7=\count485
Package biblatex Info: Reference section=7 on input line 1.
Package biblatex Info: Setting label 'refsection:7' on input line 1.

Chapter 7.
[111] [112


]
Underfull \hbox (badness 10000) in paragraph at lines 16--17

 []


Underfull \vbox (badness 10000) has occurred while \output is active []

 [113]
Underfull \vbox (badness 10000) has occurred while \output is active []

 [114]
Underfull \vbox (badness 10000) has occurred while \output is active []

 [115]
Underfull \vbox (badness 10000) has occurred while \output is active []

 [116]
Package biblatex Info: Reference section=0 on input line 73.
)
[117] [118


] (./backmatter/bibliography.tex

LaTeX Warning: Empty bibliography on input line 1.

) (./backmatter/acknowledgements.tex) (./main.aux)
 ***********
LaTeX2e <2023-11-01> patch level 1
L3 programming layer <2024-01-22>
 ***********


LaTeX Font Warning: Size substitutions with differences
(Font)              up to 1.0pt have occurred.


LaTeX Warning: There were undefined references.


LaTeX Warning: There were multiply-defined labels.

Package rerunfilecheck Info: File `main.out' has not changed.
(rerunfilecheck)             Checksum: D41D8CD98F00B204E9800998ECF8427E;0.

Package biblatex Warning: Please rerun LaTeX.

Package logreq Info: Writing requests to 'main.run.xml'.
\openout1 = `main.run.xml'.

 ) 
Here is how much of TeX's memory you used:
 44573 strings out of 474222
 880969 string characters out of 5748732
 2086975 words of memory out of 5000000
 64511 multiletter control sequences out of 15000+600000
 784224 words of font info for 1216 fonts, out of 8000000 for 9000
 1141 hyphenation exceptions out of 8191
 108i,27n,126p,10895b,2053s stack positions out of 10000i,1000n,20000p,200000b,200000s
</usr/share/texlive/texmf-dist/fonts/type1/public/amsfonts/cm/cmbx10.pfb></us
r/share/texlive/texmf-dist/fonts/type1/public/amsfonts/cm/cmbx5.pfb></usr/share
/texlive/texmf-dist/fonts/type1/public/amsfonts/cm/cmbx7.pfb></usr/share/texliv
e/texmf-dist/fonts/type1/public/amsfonts/cm/cmex10.pfb></usr/share/texlive/texm
f-dist/fonts/type1/public/amsfonts/cm/cmmi10.pfb></usr/share/texlive/texmf-dist
/fonts/type1/public/amsfonts/cm/cmmi5.pfb></usr/share/texlive/texmf-dist/fonts/
type1/public/amsfonts/cm/cmmi7.pfb></usr/share/texlive/texmf-dist/fonts/type1/p
ublic/amsfonts/cm/cmr10.pfb></usr/share/texlive/texmf-dist/fonts/type1/public/a
msfonts/cm/cmr12.pfb></usr/share/texlive/texmf-dist/fonts/type1/public/amsfonts
/cm/cmr5.pfb></usr/share/texlive/texmf-dist/fonts/type1/public/amsfonts/cm/cmr7
.pfb></usr/share/texlive/texmf-dist/fonts/type1/public/amsfonts/cm/cmr8.pfb></u
sr/share/texlive/texmf-dist/fonts/type1/public/amsfonts/cm/cmsy10.pfb></usr/sha
re/texlive/texmf-dist/fonts/type1/public/amsfonts/cm/cmsy5.pfb></usr/share/texl
ive/texmf-dist/fonts/type1/public/amsfonts/cm/cmtt10.pfb></usr/share/texlive/te
xmf-dist/fonts/type1/public/amsfonts/cm/cmtt8.pfb></usr/share/texlive/texmf-dis
t/fonts/type1/public/amsfonts/euler/eurb10.pfb></usr/share/texlive/texmf-dist/f
onts/type1/public/fpl/fplbj8a.pfb></usr/share/texlive/texmf-dist/fonts/type1/pu
blic/mathpazo/fplmbb.pfb></usr/share/texlive/texmf-dist/fonts/type1/public/math
pazo/fplmr.pfb></usr/share/texlive/texmf-dist/fonts/type1/public/mathpazo/fplmr
i.pfb></usr/share/texlive/texmf-dist/fonts/type1/public/fpl/fplrc8a.pfb></usr/s
hare/texlive/texmf-dist/fonts/type1/public/fpl/fplrij8a.pfb></usr/share/texlive
/texmf-dist/fonts/type1/public/bera/fvmr8a.pfb></usr/share/texlive/texmf-dist/f
onts/type1/public/hfbright/hfbr8.pfb></usr/share/texlive/texmf-dist/fonts/type1
/public/hfbright/hfbr9.pfb></usr/share/texlive/texmf-dist/fonts/type1/public/hf
bright/hfbrmi9.pfb></usr/share/texlive/texmf-dist/fonts/type1/public/hfbright/h
fbrsy8.pfb></usr/share/texlive/texmf-dist/fonts/type1/public/amsfonts/symbols/m
sam10.pfb></usr/share/texlive/texmf-dist/fonts/type1/public/amsfonts/symbols/ms
bm10.pfb></usr/share/texmf/fonts/type1/public/cm-super/sfsi1200.pfb></usr/share
/texlive/texmf-dist/fonts/type1/urw/palatino/uplb8a.pfb></usr/share/texlive/tex
mf-dist/fonts/type1/urw/palatino/uplr8a.pfb></usr/share/texlive/texmf-dist/font
s/type1/urw/palatino/uplri8a.pfb>
Output written on main.pdf (122 pages, 4424507 bytes).
PDF statistics:
 4542 PDF objects out of 5155 (max. 8388607)
 3404 compressed objects within 35 object streams
 354 named destinations out of 1000 (max. 500000)
 205959 words of extra memory for PDF output out of 221844 (max. 10000000)

